Company,Phone Number,Website,E Mail,Linkedin
"4TechBugs Technologies Pvt. Ltd - Software Development Company, Web Designing services in Delhi Ncr",09999798701,http://www.4techbugs.com/,[],https://in.linkedin.com/company/4techbugs-technologies-pvt-ltd
Techpertz IT Solutions,09958894786,https://techpertz.com/,"['info@techpertz.com', 'techpertz@gmail.com']",https://www.linkedin.com/company/techpertz-pvt-ltd
NexGen Innovators - Software Company,Not present on google business profiles,https://www.nexgi.com/,"['sales@nexgi.com', 'contact@nexgi.com']",https://in.linkedin.com/company/nexgi
Future Tech Software - Web Software Development Company,Not present on google business profiles,Not present on google business profiles,"['support@futuretech.software', 'siva@futuretech.co.in', 'gargnishikant@hotmail.com', 'first@futuretechsoftwares.net']",https://in.linkedin.com/company/futuretech-softwares
"Corewave - Top Mobile App Development Company in Delhi | Android App Development Company, iOS App Development in Delhi, NCR",09810676072,https://wa.link/7fkgfg,[],"https://in.linkedin.com/company/corewave#:~:text=About%20us,%2C%20Flutter%2C%20and%20web%20apps."
"RSS INFOTECH PVT.LTD(India Top App Development Company Android, IOS, Website, Game development) )",09953134732,https://www.rssindia.com/,"['Email info@rssindia.com', 'support@rss.org', 'info@rss-india.com']",https://in.linkedin.com/company/rashtriya-swayamsevak-sangh---india
Perfectiongeeks Technologies,08920947884,http://wa.link/qpfhxo,"['sales@perfectiongeeks.com', 'shrey@perfectiongeeks.com']",https://in.linkedin.com/company/perfectiongeeks-technologies
Best Software Company - Warals Technology,09871115060,http://warals.com/,"['info@warals.com', 'email us at info@warals.com']",https://in.linkedin.com/company/waralstechnology
Triyuga Soft Tech Pvt Ltd | IT Company in Delhi | Digital Marketing Company | Web Development Company,09267954524,https://www.triyugasofttech.com/,"['Email, *****bhupendra@gmail.com']",https://in.linkedin.com/company/trijotech
Katchin Tech Private Limited | Software Development Company in Delhi NCR,07669005215,https://katchintech.com/contact-us/,['Email:info@katchintech.com'],https://in.linkedin.com/company/katchintech
TechPlek Technologies Pvt Ltd,08595270747,https://www.techplek.com/,"['Email: info@techplek.com', 'email at info@techplek.com', 'info@techplek.com']",https://in.linkedin.com/company/techplek-technologies
E-SUTRA Technologies Private Limited,08595308455,https://e-sutra.com/contact-us/,"['support@e-sutra.com', 'marketing@sutrasys.com', 'contact our Office of the DPO by email at privacy@secureserver.net']",https://in.linkedin.com/company/esutra
Iraitech | Software Development Company,08130104108,https://www.iraitech.com/,"['sales@iraitech.com', 'info@coursiera.com', 'admin@iraitech.com']",https://in.linkedin.com/company/iraitech
The Tech Care Website Designing & Digital Marketing Company in Delhi,08929721558,https://www.thetechcare.in/contact,[],https://techcare.co/how-we-work/
ASDS Technologies Private Limited - Cooperative Thrift & Credit Societies Software Provider in Delhi,09212299016,http://asdstech.in/,[],https://asdstech.in/
Jabit Soft Pvt. Ltd. || Mobile App Development Company | Custom Software Development Company | Cloud Consulting Services,09091006600,https://www.jabitsoft.com/contact,"['inderjeetsingh7160@gmail.com', 'baldeepsingh@jabitsoft.com']",https://in.linkedin.com/company/jabit-soft
DDT SOFTWARE & ECOMM PVT LTD,09810944806,http://toponsearch.com/contact/,[],https://ddtsoftwareandecommerce.com/
DeepSpace9 Technologies,Not present on google business profiles,https://www.deepspace9.tech/,"['captain@deepspace9.tech', 'ID: Ankitjain0269@gmail.com']",https://in.linkedin.com/company/deepspace9-tech
Xicom Technologies Ltd.,01125502616,http://www.xicom.biz/,"['accounts@xicom.biz', 'Email: *****@hotmail.com, *****@xicom.biz', 'first@xicom.biz', 'Email: info@xicomtech.com', 'rbandco@hotmail.com']",https://in.linkedin.com/company/xicom-technologies-ltd
W2G Solutions - Software Company in Delhi,01145562561,https://w2gsolutions.in/,"['info@w2gSolutions.in', 'info@w2gsolutions.in']",https://in.linkedin.com/company/w2g-solutions
Iknoor Technology Pvt. Ltd - Website Designing Company in Delhi,09266660205,https://cloud.google.com/find-a-partner/contact/iknoor-technology-private-limited,"['info@iknoortech.com', 'Email: info@iknoortech.com', 'hasdeep@hkdigitalonline.com', ""first '.' last@iknoortech.com""]",https://in.linkedin.com/company/iknoor-technologies
Aziels Technologies Pvt Ltd,08447968167,https://www.aziels.com/,['lucky007amit@gmail.com'],https://in.linkedin.com/company/azielstechnologies
Muniwar Technologies Private Limited,01143050611,https://www.muniwar.com/,"['info@muniwar.com', 'Email ID: *****@muniwar.com']",https://in.linkedin.com/company/muniwar
"Tech Savvy Engineers Pvt Ltd | SOLIDWORKS Software Reseller in New Delhi, India",09910004639,http://techsavvy.co.in/,"['info@techsavvy.co.in', 'dilip.techsavvy@gmail.com', 'xxxx@techsavvy.co.in', 'sales@techsavvy.co.in']",https://in.linkedin.com/company/tech-savvy-engineers
Tech Variant - website design company in delhi & digital Marketing company in delhi,07827675008,https://techvariant.in/,"['info@techvariant.in', 'Email info@techvariant.in']",https://in.linkedin.com/company/techvariable
pNthaan: Technologies - Digital Marketing Company in Delhi - Social Media Marketing,09810455309,http://pnthaan.com/contact.html,"['Email: hello@pnthaan.com pnthaan@gmail.com', 'Email: info@pnthaan.com']",https://in.linkedin.com/company/pnthaantechnologies
SPG Technologies,09990390197,http://www.spgtechnologies.com/,"['sales@spgtechnologies.com', 'spgerp@gmail.com', 'info.spgtechnologies@gmail.com', 'Sales@spgtechnologies.com']",https://in.linkedin.com/company/spg-technologies
WebOConnect Technologies Pvt. Ltd.,08447141991,https://weboconnect.com/,"['Info@weboconnect.com', 'BMCOMPTAXCONSULTANTS@GMAIL.COM']",https://in.linkedin.com/company/weboconnect
Globose Tech - Website Designing & Development Company in Dwarka Delhi,08882474242,http://www.globosetech.uk/,[],https://www.globosetech.com/
Top #1 Website Company in delhi,Not present on google business profiles,Not present on google business profiles,[],https://www.myntra.com/tops
Signal Bytes Technologies - Most trusted website design company in Delhi India,08920736325,https://www.signalbytestechnologies.com/,"['jwalapurawat@gmail.com', 'name@realtimesig.com']",https://www.linkedin.com/company/signalautomotive
Utech India Limited,01140562728,https://www.utechindia.com/,"['info@utechindia.com', 'accounts@utechindia.com']",https://in.linkedin.com/company/u-tech-marketing-pvt-ltd
Stefront Technologies Private Limited,Not present on google business profiles,http://www.stefronttech.com/,"['sales@stefronttech.com', 'rohit076.rg@gmail.com', 'support@tofler.in', 'Email ID: *****@stefronttech.com', 'Email, *****@stefronttech.com']",https://in.linkedin.com/in/nisha-pandey-134631227
SHRI Sohaang IT Solutions,09871521486,https://www.sohaangitsolutions.online/,['contact@sohaangitsolutions.online'],https://in.linkedin.com/company/shri-sohaang-it-solutions
"Softkingo - Top Mobile App & Web Development Company in India, Delhi, NCR",07428750870,https://www.softkingo.com/contact-us,[],https://www.softkingo.com/
Bagwar Softwares Private Limited - Web Development Company in Delhi,09958788221,Not present on google business profiles,"['info@bagwarsoftwares.com', 'bsclients@gmail.com']",https://in.linkedin.com/company/bagwar-softwares
Entab Infotech Pvt Ltd School Management Software,01143193333,https://www.entab.in/,"['info@entab.in', 'Email: info@entab.in', 'support@entab.info']",https://in.linkedin.com/company/entab-newdelhi
Licchi Technology: Website Design Company in Delhi NCR | Web Development in Delhi NCR,09811853626,https://licchi.com/,"['support@lichi.com', 'DHMGuestservice@emaar.ae', 'consulting@globalagri.com']",https://www.linkedin.com/company/lichi-brand
"Software Development | Website Designing | Mobile App development in Delhi, India - Mindscan Software Solutions Pvt. Ltd.",09810113797,http://www.mindscansoftware.com/,"['jeanette.j.doe.2005@gmail', 'jaya...@amitysoft.com']",https://uk.linkedin.com/company/software-development
Globe Alley Tech. - Software Development Company,09910710140,https://globealley.us/,"['info@globealley.us', 'Shishil25@gmail.com']",https://in.linkedin.com/in/globe-alley-1761771a7
E2logy Software Solutions Pvt. Ltd.,01204515176,https://e2logy.com/,"['sp.agarwal@e2logy.com', 'sales@e2logy.com', 'first}@e2logy.com', ""Gunjan Prajapati's email address is g***@e2logy.com""]",https://in.linkedin.com/company/e2logy
Techquench Solution - Best IT Company provide Digital Marketing and Software Solution in Paschim Vihar New Delhi NCR.,09355008575,https://www.techquenchsolution.com/,"['Info@techquenchsolution.com', 'techquenchsolutio@gmail.com', 'Email: Info@techquenchsolution.com', 'techquenchsolution@gmail.com']",https://in.linkedin.com/company/techquenchsolutions
Msinterface Technologies Pvt Ltd - Best Digital Marketing Agency in New Delhi,09971787219,https://docs.google.com/forms/d/e/1FAIpQLSd10sxOsfzHyDOMuU2NtpngExfjkzh5K3wfUVCKdNfpY1njAw/viewform?usp=sf_link,"['Contact@msinterface.in', 'contact@msinterface.in', 'vidhu.shekhu@gmail.com', 'ashish.aof@gmail.com']",https://in.linkedin.com/company/msinterfacetechnologies
RM Infotech Private Limited,09810926239,https://www.rminfotechsolutions.com/aboutus/contactus.html,"['roli.hr@rminfotechsolutions.com', 'casrjain@gmail.com', 'paragguide@yahoo.co.in', 'greendeninfo@gmail.com']",https://au.linkedin.com/company/rm-infotech-pty-ltd
"CreoTek Systems India LLP (PTC Creo, Onshape, Windchill & Hexagon MSC Software Reseller)",09654163163,https://creotekindia.com/,"['info@creotekindia.com', 'name@creotekindia.com', 'r***@creotekindia.com']",https://in.linkedin.com/company/creotek-systems-india-llp
MakkPress Technologies,07015897275,https://makkpress.in/request-a-quote/,"['tech@makkpress.in', 'sales@makkpress.com']",https://in.linkedin.com/company/makkpress-technologies
AKPS TECHNOLOGY PRIVATE LIMITED(World Largest Leading IT Department),09716062985,Not present on google business profiles,['shankar.jay785@gmail.com'],https://in.linkedin.com/company/akps-technology-pvt-ltd
Web Seo Technology| website designing company in Delhi ! website development company in Delhi ! Noida | Greater Noida| India,07840094006,https://business.google.com/v/_/0506740098402972117/3288/_?,"['info@seowebtechnology.com', 'name@webseoservices.in']",https://in.linkedin.com/company/seowebtechnology
Asia Tech World,08447019449,https://www.asiatechworld.in/,['Email:kannika@asiaworldtech.net'],https://ae.linkedin.com/company/asiaworld-advertising-inc-?trk=ppro_cprof
ManpraX Software LLP,08448440100,https://www.manprax.com/contact-us/,"['PRATEEKBHARGAVA@GMAIL.COM', 'info@manprax.com']",https://in.linkedin.com/company/manprax
Appextech Software Solutions,09911432451,https://www.appextech.com/main/contact.php,"['info@appextech.com', 'kushal@appextech.com', 'n***@appextech.com']",https://in.linkedin.com/company/appextech-software-solutions
"Arramton Infotech Pvt Ltd, Software Development, Web Design, Digital Marketing",09821199979,https://www.arramton.com/,"['info@arramton.com', 'first_initial}{last}@arramton.com', 'parvez@arramton.com']",https://in.linkedin.com/company/arramtoninfotech
SHIVA INFOTECH INNOVATIONS PVT. LTD.,09818514488,https://www.shivainfotech.com/,"['info@shivainfotech.com', 'sales@shivainfotech.com', 'uae@shivainfotech.com', 'first@shivainfotech.com', 'sales@shivainfotech.com; info@shivainfotech.com', 'rpardeshi@shivainfotech.net']",https://in.linkedin.com/company/shiva-infotech
Ebslon Infotech Pvt Ltd,09999634388,https://ebslon.com/,"['info@ebslon.com', 'ebsloninfotech@gmail.com']",https://in.linkedin.com/company/ebslon-infotech
"Aliqan Technologies - Web, App & Game Development Company",09899662532,https://www.aliqantechnologies.com/,"['iftkhar@aliqan.com', 'sales@aliqan.com, info@aliqan.com', 'sales@aliqan.com']",https://in.linkedin.com/company/aliqan-technologies
Webvio Technologies Private Limited - Delhi,03346001760,https://www.webviotechnologies.com/,"['info@webviotechnologies.com', 'career@webviotechnologies.com']",https://in.linkedin.com/company/webviotechnologiespvtltd
VariMile Technologies: Best SAP Course Training Institute in Delhi India,01141724433,http://www.varimile.co.in/,['info@varimile.co.in'],https://in.linkedin.com/in/amit-kumar-a1aba345
"Solarman Technology Project Pvt Ltd - Digital Marketing Company in Delhi, India |Software Development Company | IT Company",07428086779,https://solarmantech.in/,"['solar@mantech.in', 'ashish@solarmantech.in', 'info@solarmantech.in']",https://in.linkedin.com/company/solarman-technology-project-pvt-ltd
Omniscient IT Solutions Pvt. Ltd,09811027310,https://www.omniscientitsolutions.com/,"['info@omniscientitsolutions.com', 'ceo@omniscient-computers.com', 'name@omniscientitsolutions.com', 'info@ logo mail .com']",https://in.linkedin.com/company/omniscientit
sGate Tech Solutions Pvt. Ltd.,08724010101,https://sgate.dayschedule.com/,['support@dayschedule.com'],https://in.linkedin.com/company/dayschedule
Mobiloitte Technologies India Pvt. Ltd.,18005691801,https://www.mobiloitte.com/,"['connect@mobiloitte.com', 'jagdish.harsh@mobiloitte.com']",https://in.linkedin.com/company/mobiloitte
JY Technologies Consulting Pvt Ltd.,08988688488,https://jydigitek.com/,['info@jydigitek.com'],https://in.linkedin.com/company/jy-technologies-consulting-private-limited
Best SEO Company Delhi - Kenovate Solutions,01142141242,https://www.kenovate.com/,"['info@kenovate.com', 'support@kenovate.com', 'submission@kenovate.com']",https://in.linkedin.com/company/kenovate-solutions
Apex Technologies,Not present on google business profiles,Not present on google business profiles,"['sales@apextechnologies.info', 'apexpurifier@gmail.com', 'help@apextec.in', 'support@apextech.it', 'JGosney@APEX-Technologies.net', 'hello@apex.tech', 'customerservice@apextechnology.com']",https://www.linkedin.com/company/chinapex
Techimpero | Web Design Company In Delhi,08750760279,http://www.techimpero.com/contact,"['sales@techimpero.com', 'contact@techimpero.com']",https://in.linkedin.com/company/techimpero
IT CODE TECH PVT. LTD.,09811228592,https://www.webgodam.com/contact-us.php,"['abu@icodetech.com', 'first@icodetech.com', 'technotechitsol@gmail.com', 'mak@codetechinternational.com', 'vinodthete190@gmail.com']",https://in.linkedin.com/company/i-code-technologies-pvt-ltd
"MyDigitalHp IT Solutions - Best Software & Website Development Company in Noida, Delhi NCR",07007823374,http://mydigitalhp.com/,[],https://www.mydigitalhp.com/
"VBage Tech - Best Android, Ios Mobile App Developer, Website Design and Development Service in Dwarka Delhi India",08383889042,https://www.vbagetech.com/,['support@vbagetech.com'],https://in.linkedin.com/in/hemant-haritash
Almondz Software Development Company in Delhi,08882472824,https://www.almondz.com/software-development.php,"['info@almondz.com', 'infra.bd@almondz.com', 'email (grievances@almondz.com or helpdesk@almondz.com', 'igrc@almondz.com']",https://in.linkedin.com/company/almondz-global
JustGlobal Technology - Digital Marketing Agency in Delhi | SEO & Web Designing Company,08766226216,https://justglobaltechnology.com/contact-us/,['info@justglobaltechnology.com'],https://in.linkedin.com/company/just-global-technology
JP Tech Studio | Best Website Development & Digital Marketing Company in Delhi NCR,08076656801,https://www.jptechstudio.com/,['info@jptechstudio.com'],https://in.linkedin.com/company/jp-tech-studio
Vcare Techs - Website Designing Company in Laxminagar | Digital Marketing Agency | Payment Gateway Consultant in Delhi,09319399311,http://www.vcaretechs.in/,['info@vcaretechnicalinstitute'],https://in.linkedin.com/company/vcare-techs
B-Square,09810889086,http://www.bsquare.in/,"['info@bsquare.in', 'helpdesk@bsquare.co.in', 'Sales â€“ hello@bsquared.co.uk', 'bk_jindal@hotmail.com', 'sales@bsquare.in', 'name@bsquarebc.com', 'sales@bsquareweb.com']",https://in.linkedin.com/company/bsquare-solutions-pvt-ltd
XL Technologies Delhi - No.1 Training Provider for Advance Excel VBA MIS SQL Tally Web Design/Development Data Analyst Python,09990215151,https://www.xltechnologies.in/,"['info@xltechglobal.com', 'name@i-xltech.com']",https://www.linkedin.com/company/xltechnologies
"Bhoomi Techzone Pvt. Ltd.(BTPL) | Best Website Designing & SEO Company in Noida, Delhi-NCR, India",08130787194,https://www.bhoomitechzone.in/,['info@bhoomitechzone.in'],https://in.linkedin.com/company/bhoomitechzone
Steg IT Solutions,09354669433,https://stegit.in/,['info@stegit.in'],https://in.linkedin.com/company/stegit-solutions
Harbour Technologies,07042286778,http://www.harbourtech.co.in/,"['souellette@harbour-tech.com', 'info@harbourtech.co.in', 'harikesh.abes@gmail.com', 'vikrant.g@outlook.com']",https://ca.linkedin.com/company/harbour-technologies
Flyntel Tech Solutions,Not present on google business profiles,http://flyntel.com/,"['hr@flyntel.com', 'locuscomliance007@gmail.com', 'info@innovatorstech.com']",https://in.linkedin.com/company/flynet-technologies
PCC Softech Pvt. Ltd.,01147064605,http://www.pccsoftech.com/,"['shrijicon@gmail.com', 'deepa.dhingra@pccsoftech.com', 'name@pccsoftech.com', 'nyadav@pccsoftech.com']",https://in.linkedin.com/company/pccsoftech
Total IT Software Solutions,09350515096,http://tiss.co.in/,"['contact@tiss.co.in', 'puneet.tiss@gmail.com', 'bangalore@totalit.co.in', 'business@webappssoft.com']",https://www.linkedin.com/company/total-it-solutions
Dimagi India,01145536017,http://www.dimagi.com/,"['info@dimagi.com', 'aaprequests@dimagi.com', 'corporate-ops@dimagi.com']",https://in.linkedin.com/company/dimagi
BridgeTechnoSoft - Best PHP Classes | Web Design & Development Course in Delhi,09711771854,http://bridgetechnosoft.com/,"['info@bridgetechnosoft.com', 'info@bridgetechnosoft']",https://www.bridgetechnosoft.com/
RND Technologies Pvt. Ltd.,09899635360,http://www.hostshop.in/,"['contact@rndtechnologies.co.in', 'services@rndsoftech.com', 'abhishek@rndindia.com', 'recruitmentteam@rndsoftech.com', 'info@rndsoftech.com']",https://www.linkedin.com/company/rnd-technology
Binarysoft,09999706000,http://www.binarysoft.com/,"['info@binarysoftindia.com', 'contact@binaryss.com', 'ahmetyalcin@binarysoft.co.uk', 'itreturns.2006@gmail.com', 'binarysoft@gmail.com']",https://in.linkedin.com/company/binarysoft-technologies
Appcul,08010478716,https://www.appcul.com/mobile-app-development-company-delhi.html,"['info@appcul.com', 'Kishanniit300@gmail.com', 'appcultechsolutionspvtltd@gmail.com']",https://in.linkedin.com/company/appcul-tech-solutions
Compro Technologies,01142011900,http://www.comprotechnologies.com/,"['info@comprotechnologies.com', 'dinesh.pahwa@comprotechnologies.com', ""first '.' last@comprotechnologies.com""]",https://www.linkedin.com/company/compro-technologies
Brainstack Technologies - Software Development company,08882177521,https://brainstacktechnologies.com/contact.html,"['contact@brainstack.net', 'hr@brainstack.dev', 'info@brainstacktechnologies.com']",https://in.linkedin.com/company/brainstacktechnologies
"EitBiz - Software, Mobile App & Web Development Company",07042064408,https://www.eitbiz.com/contact-us#contact-form-section,[],https://www.eitbiz.com/
Matrix Infotech Solution | Software Development Company,08920817059,http://matrixinfotechsolution.com/Contact_us.php,"['info@matrixinfotechsolution.com', ""Get Tarun Nagar's email: ta****r@gmail.com"", 'employer@internshala.com']",https://in.linkedin.com/company/matrix-infotech-solution
Extrieve Technologies,01140122131,http://www.extrieve.com/,"['kimman@extrieve.com', 'skvgca@gmail.com', 'info@extrieve.com']",https://in.linkedin.com/company/extrieve
"Al Hadaf Technologies: MLM Software, Blockchain, E-commerce solution, and Web Design & development",08586972994,http://www.alhadaftech.com/,[],https://www.alhadaftech.com/
Sanchay Tech Private Limited,09540086355,https://www.sanchaytech.com/,"['hr@sanchaytech.com', 'sanchaytech@gmail.com', 'info@sanchaysuite.com']",https://in.linkedin.com/company/sanchaytech
PS TECH GLOBAL - Website Design & Digital Marketing Company in Pitampura,07017940576,https://www.pstechglobal.com/,"['Email info@pstechglobal.com', 'info@pstechglobal.com']",https://in.linkedin.com/company/pstechglobal
"Techthaastu - Software & Website Development Company Delhi, Mobile App Development and Digital marketing Company/SEO.",08383889042,https://www.techthaastu.com/,['contact@techthaastu.com'],https://in.linkedin.com/company/techthaastu
Vega Moon Technologies,01149879877,https://www.vegamoontech.com/,"['hr@vegamoontech.com', 'name@vegamoontech.com', 'first@vegamoontech.com']",https://in.linkedin.com/company/vega-moon-technologies
CHERRY INFOTECH,08800110806,http://www.cherryinfotech.com/,"['info@cherryinfotech.com', 'admin@cherry.qa']",https://www.linkedin.com/company/cherry-infotech-w-l-l
Inspired Technologies Pvt Ltd,01140546730,http://inspiredpos.in/,"['info@inspiredpos.in', 'arun.m@inspired.in', 'info@inspire-tech.com', 'josymat@gmail.com']",https://www.linkedin.com/company/inspired-technologies-pvt-ltd
Radical Geeks Technologies,09899854721,http://www.radical-geeks.com/,"['info@radical-geeks.com', 'akgassoca@gmail.com']",https://in.linkedin.com/company/radical-geeks
Deligence Technologies Pvt. Ltd.,08700736699,https://www.deligence.com/,"['sales@deligence.ca', 'SANJAY@DELIGENCE.COM', 'first@deligence.com', 'help@deligence.com', 'sales@deligence.com']",https://in.linkedin.com/company/deligencetechnologies
eWeblink Technology - Web Design & Development Company in Delhi,09015858565,https://www.eweblink.net/,"['info@eweblink.net', 'Email @ info(at)eweblink(dot)net']",https://in.linkedin.com/company/eweblink-technology
Techjockey,01142213003,https://www.techjockey.com/,"['info@techjockey.com', 'connect@techjockey.com']",https://in.linkedin.com/company/techjockey
Silver Touch Technologies Limited,01123748880,http://www.silvertouch.com/,"['cs@silvertouch.com', 'ankit_desai@silvertouch.com']",https://in.linkedin.com/company/silver-touch-technologies-ltd
Aquevix Solutions Pvt Ltd.,01145600412,http://www.aquevix.com/,"['ussales@aquevix.com', 'legal@aquevix.com', 'jindalanup@gmail.com']",https://in.linkedin.com/company/aquevix
Pledgent Technologies Pvt. Ltd.,09717376057,http://www.pledgent.com/,"['dhyani.deep@gmail.com', 'info@pledgent.com', 'deep@pledgent.com']",https://in.linkedin.com/company/pledgent-technologies-pvt-ltd
TechBinge India,09871056158,https://techbinge.org/,"['pankaj.jain@techbinge.org', 'info@techbinge.org']",https://in.linkedin.com/company/techbingeindia
OpenLX Technologies Pvt Ltd (Formerly OpenLX Inc.),09810120918,http://www.openlx.com/,"['info@openlx.com', ""first '.' last@openlx.com""]",https://in.linkedin.com/company/openlx-inc-
Wingify,01147640497,https://vwo.com/,"['sales@vwo.com', 'art-27-rep-wingify@rickert-services.uk', 'support@vwo.com']",https://in.linkedin.com/company/vwo
Tech Samadhan,09868424794,https://techsamadhan.in/contact,"['TechSamadhan.in@gmail.com', 'varun@samadhan.tech', 'manoj@samadhantech.in']",https://in.linkedin.com/company/tech-samadhan
Bloatware IT Software Company | website Designing Company | Software Company | MLM |CRM | Android Apps,08920750797,https://bloatwareitsolutions.com/,"['info@bloatwareitsolutions.com', 'mr.shivmahto@gmail.com', 'complaint@bloatwareitsolutions.com', 'Email: info@bloatwareitsolutions.com']",https://in.linkedin.com/company/bloatware-it-solutions
Yoctel Solutions (P) Ltd.,08588844790,https://www.yoctel.com/contact,"['Sales Email: sales@yoctel.com', 'pbc.bhutani@gmail.com', 'amitabh@yoctel.com']",https://in.linkedin.com/company/yoctel-solutions-p-ltd-
"The Nth Bit Labs -Hire software development company in India | Custom software development | Web App, Mobile Apps development",09810089684,https://thenthbit.com/contact-us/,['hello@thenthbit.com'],https://in.linkedin.com/company/the-nth-bit-labs
AB group of institutes,07503030472,Not present on google business profiles,"['dpmijagdishpur@gmail.com', 'riteshbajaj1@gmail.com']",https://www.linkedin.com/company/ab-group-of-industries
