Company,Phone Number,Map Link,Website,Linkedin,E Mail
Rubixe - AI Company,Not present on google business profiles,https://www.google.com/maps/place/Rubixe+-+AI+Company/data=!4m7!3m6!1s0x3bae15541a442015:0xe0d78d501467c43e!8m2!3d12.8901989!4d77.6402246!16s%2Fg%2F11sv_l4fdg!19sChIJFSBEGlQVrjsRPsRnFFCN1-A?authuser=0&hl=en&rclk=1,https://www.rubixe.com/,https://in.linkedin.com/company/rubixe,"['hi@rubixe.com', 'Mail : hi@rubixe.com', 'name@rubixe.com']"
Fusion Informatics,Not present on google business profiles,https://www.google.com/maps/place/Fusion+Informatics/data=!4m7!3m6!1s0x3bae15db97584cdf:0xdb7140dc73d0ad58!8m2!3d12.9365663!4d77.5759745!16s%2Fg%2F11hdj3gs_6!19sChIJ30xYl9sVrjsRWK3Qc9xAcds?authuser=0&hl=en&rclk=1,https://calendly.com/fusioninformatics,https://in.linkedin.com/company/fusion-informatics-pvt.-ltd.,"['sales@fusioninformatics.com', 'hr@fusioninformatics.com']"
AI Lead Vision Pvt. Ltd,08050243330,https://www.google.com/maps/place/AI+Lead+Vision+Pvt.+Ltd/data=!4m7!3m6!1s0x3bae1493060bcea3:0xc783f5dfd0ebb882!8m2!3d12.9090867!4d77.6332206!16s%2Fg%2F11nxd0xcyq!19sChIJo84LBpMUrjsRgrjr0N_1g8c?authuser=0&hl=en&rclk=1,http://aileadvision.com/,https://www.linkedin.com/posts/ai-lead-vision-pvt-ltd_please-share-the-profiles-for-c-c-with-activity-6991678179035820032-OkSP?trk=public_profile_like_view,"['sunilaesi@gmail.com', 'Email: *****@gmail.com', 'info@aileadvision.com', 'Email : *****aesi@gmail.com']"
Skit.ai,08979564068,https://www.google.com/maps/place/Skit.ai/data=!4m7!3m6!1s0x3bae11e5199070f3:0xf79c94048f80c1ec!8m2!3d12.9837148!4d77.6389392!16s%2Fg%2F11g8188ghr!19sChIJ83CQGeURrjsR7MGAjwSUnPc?authuser=0&hl=en&rclk=1,https://skit.ai/,https://in.linkedin.com/company/skit-ai,"['info@skit.ai', ""Skit.ai's email format typically follows the pattern of First.Last@skit.ai""]"
"NUCOT - Software Company, Data Science, Data Scientist, Data Analyst, AI Solutions in Bangalore",09341219924,"https://www.google.com/maps/place/NUCOT+-+Software+Company,+Data+Science,+Data+Scientist,+Data+Analyst,+AI+Solutions+in+Bangalore/data=!4m7!3m6!1s0x3bae13ff8e26bb27:0x1e92842c8ba91d1!8m2!3d12.9676792!4d77.6536691!16s%2Fg%2F11b8tx0wh3!19sChIJJ7smjv8TrjsR0ZG6yEIo6QE?authuser=0&hl=en&rclk=1",https://nucot.co.in/,https://in.linkedin.com/company/nucot,"['rashmirudramuni@nuage.co.in', 'hr@nuage.co.in']"
Data Analytics Company in USA & India | UXUI | ESG Reporting | AI/ML | 47Billion,07312973109,https://www.google.com/maps/place/Data+Analytics+Company+in+USA+%26+India+%7C+UXUI+%7C+ESG+Reporting+%7C+AI%2FML+%7C+47Billion/data=!4m7!3m6!1s0x3bae17e1378ae52b:0x912f44cc3caacd6!8m2!3d13.0670053!4d77.5865028!16s%2Fg%2F11ff22bjyj!19sChIJK-WKN-EXrjsR1qzKw0z0Egk?authuser=0&hl=en&rclk=1,http://47billion.com/,https://builtin.com/companies/type/analytics-industry-companies,[]
Observe.AI,Not present on google business profiles,https://www.google.com/maps/place/Observe.AI/data=!4m7!3m6!1s0x3bae15651f7ac127:0xa0db3b28b9e493ea!8m2!3d12.924084!4d77.6715529!16s%2Fg%2F11g2w3sz2n!19sChIJJ8F6H2UVrjsR6pPkuSg726A?authuser=0&hl=en&rclk=1,http://www.observe.ai/,https://www.linkedin.com/company/observeai,"['Alliances@observe.ai', 'support@observe.ai', ""Observe.AI's email format typically follows the pattern of First.Last@observe.ai""]"
DxMinds,07483546629,https://www.google.com/maps/place/DxMinds/data=!4m7!3m6!1s0x3bae155593c8538f:0xf95d65a57524b35!8m2!3d12.8954137!4d77.5673759!16s%2Fg%2F11fhnh_4v9!19sChIJj1PIk1UVrjsRNUtSV1rWlQ8?authuser=0&hl=en&rclk=1,https://dxminds.com/contact-us/,https://in.linkedin.com/company/dxminds,"['hello@dxminds.com', 'bhabanee@gmail.com', 'info@dxminds.com', ""first '.' last@dxminds.com""]"
Palpx - Technology and Design,07619602644,https://www.google.com/maps/place/Palpx+-+Technology+and+Design/data=!4m7!3m6!1s0x3bae15c32a2cb0b7:0x2e257a067fe58672!8m2!3d12.9168894!4d77.6351515!16s%2Fg%2F11j1wv7q2p!19sChIJt7AsKsMVrjsRcoblfwZ6JS4?authuser=0&hl=en&rclk=1,https://palpx.com/contact/,https://in.linkedin.com/company/palpx,"['contact@palpx.com', 'jescaria@gmail.com', 'arjun@palpx.legal']"
AI Company India,09717241805,https://www.google.com/maps/place/AI+Company+India/data=!4m7!3m6!1s0x3bae13d53ede15dd:0xa179daa51daba171!8m2!3d12.9573579!4d77.72042!16s%2Fg%2F11wc3f4j0b!19sChIJ3RXePtUTrjsRcaGrHaXaeaE?authuser=0&hl=en&rclk=1,https://aicompanyindia.com/,https://in.linkedin.com/company/ai-india,"['contact@aicompanyindia.com', 'info@aicomp.com', 'connect@aipl.com', 'ai@aiforallindia.com', 'partner@kore.com']"
Day One Technologies,01174740442,https://www.google.com/maps/place/Day+One+Technologies/data=!4m7!3m6!1s0x3bae1503c97ec9e9:0x82b96dadef790251!8m2!3d12.9157923!4d77.6046599!16s%2Fg%2F11f0krhgvw!19sChIJ6cl-yQMVrjsRUQJ5761tuYI?authuser=0&hl=en&rclk=1,https://www.day1tech.com/,https://in.linkedin.com/company/day1tech,['contact@day1tech.com']
ClientoClarify.AI Private Limited,Not present on google business profiles,https://www.google.com/maps/place/ClientoClarify.AI+Private+Limited/data=!4m7!3m6!1s0x3bae15ae9185998d:0xce6a549fa01b83a2!8m2!3d12.9210033!4d77.6154065!16s%2Fg%2F11smlp4plq!19sChIJjZmFka4VrjsRooMboJ9Uas4?authuser=0&hl=en&rclk=1,Not present on google business profiles,https://in.linkedin.com/company/clientoclarify-ai-private-limited,"['yashwanth@clientoclarify.com', 'clintoclarify@gmail']"
"Smart AI Technologies - Final year IEEE projects -BE,Mtech,Internship in Bangalore ECE,CSE,IS,EEE",08088605682,"https://www.google.com/maps/place/Smart+AI+Technologies+-+Final+year+IEEE+projects+-BE,Mtech,Internship+in+Bangalore+ECE,CSE,IS,EEE/data=!4m7!3m6!1s0x3bae3daa7dc7904b:0x5905a999b57377b1!8m2!3d12.9762718!4d77.5253608!16s%2Fg%2F11wtjmjln0!19sChIJS5DHfao9rjsRsXdztZmpBVk?authuser=0&hl=en&rclk=1",https://www.smartaitechnologies.com/,https://in.linkedin.com/in/smart-ai-technologies-bangalore-003623209,"['info@smartaitechnologies.com', 'Email: info@smartaitechnologies.com']"
DaveAI,Not present on google business profiles,https://www.google.com/maps/place/DaveAI/data=!4m7!3m6!1s0x3bae1598610e6721:0x6ccddc0b9dc2f911!8m2!3d12.9145766!4d77.5994401!16s%2Fg%2F11h6sl9x1g!19sChIJIWcOYZgVrjsREfnCnQvczWw?authuser=0&hl=en&rclk=1,https://www.iamdave.ai/,https://in.linkedin.com/company/daveai,"['careers@iamdave.ai', 'info@sociographsolutions.in', 'info@iamdave.ai', 'Email ID: *****@iamdave.ai']"
AIE Software India Pvt Ltd,08332430247,https://www.google.com/maps/place/AIE+Software+India+Pvt+Ltd/data=!4m7!3m6!1s0x3bae156f58175cb3:0xbe61a72194eab643!8m2!3d12.9687229!4d77.6009403!16s%2Fg%2F11g4ldb3ny!19sChIJs1wXWG8VrjsRQ7bqlCGnYb4?authuser=0&hl=en&rclk=1,http://www.aienterprise.com/,https://www.linkedin.com/company/aieservices,"['india.compliance@aienterprise.com', 'sales@aienterprise.com', 'Smohan@aiEnterprise.com', 'shreemamtakumar@gmail.com', 'Email : *****.compliance@aienterprise.com']"
AiKnow Labs pvt. ltd.,Not present on google business profiles,https://www.google.com/maps/place/AiKnow+Labs+pvt.+ltd./data=!4m7!3m6!1s0x3bae15f83cb09795:0x1c7e03879f32e4e1!8m2!3d12.9357869!4d77.6181345!16s%2Fg%2F11j91pkdc8!19sChIJlZewPPgVrjsR4eQyn4cDfhw?authuser=0&hl=en&rclk=1,http://aiknow.in/,https://in.linkedin.com/company/aiknowlabs,"['ajeesh@aiknow.in', 'Email ID: *****@aiknow.com']"
XFactr.AI | Software Development Company in Bangalore,Not present on google business profiles,https://www.google.com/maps/place/XFactr.AI+%7C+Software+Development+Company+in+Bangalore/data=!4m7!3m6!1s0x3bae3d2140aa378f:0x8e13b6feb6cd19a3!8m2!3d13.0148872!4d77.5559946!16s%2Fg%2F11ld3z_c6q!19sChIJjzeqQCE9rjsRoxnNtv62E44?authuser=0&hl=en&rclk=1,https://xfactr.ai/,https://in.linkedin.com/company/xfactrai,"['hello@xfactr.ai', 'sharathkumara@yahoo.co.in', 'Email: *****@yahoo.co.in']"
Technofly Solutions - Internships | B.E | Machine Learning | IOT | Embedded | AI| Final year Engineering Academic projects,09663476586,https://www.google.com/maps/place/Technofly+Solutions+-+Internships+%7C+B.E+%7C+Machine+Learning+%7C+IOT+%7C+Embedded+%7C+AI%7C+Final+year+Engineering+Academic+projects/data=!4m7!3m6!1s0x3bae3dde5f9cecb5:0xf3a91b4cea39461e!8m2!3d12.9728465!4d77.5393379!16s%2Fg%2F11g9mfj8j1!19sChIJteycX949rjsRHkY56kwbqfM?authuser=0&hl=en&rclk=1,http://technofly.in/,https://in.linkedin.com/in/varun7349308147,['info@technofly.in']
Ai palette,139953,https://www.google.com/maps/place/Ai+palette/data=!4m7!3m6!1s0x3bae15c54b3930eb:0x55253ba05355de6d!8m2!3d12.9277393!4d77.6325994!16s%2Fg%2F11tc2t1tqs!19sChIJ6zA5S8UVrjsRbd5VU6A7JVU?authuser=0&hl=en&rclk=1,https://www.aipalette.com/,https://in.linkedin.com/company/aipalette,"['himanshu@aipalette.com', 'billing@aipalette.com', 'Email ID: *****@aipalette.com']"
Nextbrain Technologies Pvt Ltd | Bangalore,08088321887,https://www.google.com/maps/place/Nextbrain+Technologies+Pvt+Ltd+%7C+Bangalore/data=!4m7!3m6!1s0x3bae156c187880d7:0x6a0f1dec6e91d935!8m2!3d12.9838932!4d77.7500331!16s%2Fg%2F11cl_ymx4s!19sChIJ14B4GGwVrjsRNdmRbuwdD2o?authuser=0&hl=en&rclk=1,https://www.nextbraintech.com/contact-us,https://in.linkedin.com/company/nextbraintech,"['saran@nextbraintech.com', 'INFO@ACSPL.CO.IN', 'contact@nextbrain.org', 'sxxx@nextbraintech.com']"
Zignite Labs,09916778133,https://www.google.com/maps/place/Zignite+Labs/data=!4m7!3m6!1s0x3bae3f073f16cc5b:0xca0a6c39aee5228d!8m2!3d12.9594892!4d77.527386!16s%2Fg%2F11f9hb6mgl!19sChIJW8wWPwc_rjsRjSLlrjlsCso?authuser=0&hl=en&rclk=1,https://calendly.com/sunil-zignite,https://in.linkedin.com/company/zignite-labs,"['sunil3590@gmail.com', 'Email: *****@gmail.com', 'info@zignite.io']"
GoodWorkLabs,09863077000,https://www.google.com/maps/place/GoodWorkLabs/data=!4m7!3m6!1s0x3bae11ef2078dbfd:0x2a48773a226c15c6!8m2!3d12.979772!4d77.724389!16s%2Fg%2F1ptxy5y3p!19sChIJ_dt4IO8RrjsRxhVsIjp3SCo?authuser=0&hl=en&rclk=1,https://www.goodworklabs.com/contact-us/,https://in.linkedin.com/company/goodworklabs-services-private-limited,['contact@goodworklabs.com']
Knowx Innovations Private Limited,09886094611,https://www.google.com/maps/place/Knowx+Innovations+Private+Limited/data=!4m7!3m6!1s0x3bae3ddbad7bbaf5:0x7ec1d2f962e75fe9!8m2!3d12.9720205!4d77.5374478!16s%2Fg%2F1pp2twd1n!19sChIJ9bp7rds9rjsR6V_nYvnSwX4?authuser=0&hl=en&rclk=1,http://www.knowxindia.com/,https://in.linkedin.com/company/knowx-innovations-pvt-ltd,"['Email: *****@knowxindia.com', 'first@knowxindia.com', 'name@knowxindia.com', 'info@citlindia.com', 'rubikamishra@knowxindia.com']"
DeepBrainz AI & Labs,Not present on google business profiles,https://www.google.com/maps/place/DeepBrainz+AI+%26+Labs/data=!4m7!3m6!1s0x3bae3d821bf3be6d:0xd26c47a0d6e13708!8m2!3d12.9948741!4d77.5349619!16s%2Fg%2F11ffv4677v!19sChIJbb7zG4I9rjsRCDfh1qBHbNI?authuser=0&hl=en&rclk=1,https://deepbrainz.com/,https://in.linkedin.com/company/deepbrainz,"['hello@deepbrainz.com', 'email arunkumarramanan@deepbrainz.com', 'legal@deepbrainz.com', 'arunkumar.ramanan@gmail.com']"
Sunix AI Private Limited,Not present on google business profiles,https://www.google.com/maps/place/Sunix+AI+Private+Limited/data=!4m7!3m6!1s0x3bae139cff3457af:0x3085dc3efb5d4043!8m2!3d12.9632767!4d77.7022388!16s%2Fg%2F11v0y_qz_r!19sChIJr1c0_5wTrjsRQ0Bd-z7chTA?authuser=0&hl=en&rclk=1,Not present on google business profiles,https://in.linkedin.com/company/sunixai,"['sunil@sunix.in', 'info@sunix-euro.de', 'info@sunix.in', 'support@tofler.in']"
TECH AI INC - Customized AI Software | Chatbot App | end-to-end Business Solutions,Not present on google business profiles,https://www.google.com/maps/place/TECH+AI+INC+-+Customized+AI+Software+%7C+Chatbot+App+%7C+end-to-end+Business+Solutions/data=!4m7!3m6!1s0x3bae15000e884463:0xa2e534590f48f824!8m2!3d12.8913492!4d77.6413934!16s%2Fg%2F11lttc574t!19sChIJY0SIDgAVrjsRJPhID1k05aI?authuser=0&hl=en&rclk=1,https://www.techaiinc.com/,https://www.linkedin.com/company/techai-usa,[]
AI Saga Technologies Pvt Ltd,09902497961,https://www.google.com/maps/place/AI+Saga+Technologies+Pvt+Ltd/data=!4m7!3m6!1s0x3bae3d19be23733f:0x562423bfdf98893c!8m2!3d13.0317868!4d77.555746!16s%2Fg%2F11qb5rgqsv!19sChIJP3Mjvhk9rjsRPImY378jJFY?authuser=0&hl=en&rclk=1,https://www.aisaga.in/,https://in.linkedin.com/company/aisagroup,"['raghumachireddy@gmail.com', 'easy to set up an @yourbusiness email']"
Zackriya Solutions,09074494157,https://www.google.com/maps/place/Zackriya+Solutions/data=!4m7!3m6!1s0x3bae14f15048c5d5:0x3f0b39aa277fd85c!8m2!3d12.9172059!4d77.6243658!16s%2Fg%2F11hswnlqss!19sChIJ1cVIUPEUrjsRXNh_J6o5Cz8?authuser=0&hl=en&rclk=1,https://zackriya.com/,https://in.linkedin.com/company/zackriya-solutions,"['hello@zackriya.com', 'legal@zackriya.com', 'name@zackriya.com']"
Tibil Solutions | Data Engineering | Data Analytics | Data Science | AI Solution Provider,07829084245,https://www.google.com/maps/place/Tibil+Solutions+%7C+Data+Engineering+%7C+Data+Analytics+%7C+Data+Science+%7C+AI+Solution+Provider/data=!4m7!3m6!1s0x3bae16a32fd52e03:0x6e5ea0ccf8c5d7f7!8m2!3d12.9394919!4d77.6946554!16s%2Fg%2F11b_01yd0w!19sChIJAy7VL6MWrjsR99fF-MygXm4?authuser=0&hl=en&rclk=1,https://tibilsolutions.com/,https://in.linkedin.com/company/tibil-solutions,"['enquiries@tibilsolutions.com', 'manmeet.singh@tibilsolutions.com', 'xxxx@tibilsolutions.com', 'Email ID: *****@tibilsolutions.com', 'srihari.allamsetti@tibilsolutions.com']"
Convin AI,Not present on google business profiles,https://www.google.com/maps/place/Convin+AI/data=!4m7!3m6!1s0x3bae151992b2be1b:0xd533df1f9406fba2!8m2!3d12.9016003!4d77.6512254!16s%2Fg%2F11t9t296ms!19sChIJG76ykhkVrjsRovsGlB_fM9U?authuser=0&hl=en&rclk=1,https://convin.ai/,https://in.linkedin.com/company/convin,"['email: info@convin.ai', 'contact@convin.ai', 'ashish@convin.ai']"
Mrkhan - AI Automation Agency,07349289818,https://www.google.com/maps/place/Mrkhan+-+AI+Automation+Agency/data=!4m7!3m6!1s0x3bae17549711e42d:0x2f86d44d730df236!8m2!3d13.0370854!4d77.6041778!16s%2Fg%2F11y295c413!19sChIJLeQRl1QXrjsRNvINc03Uhi8?authuser=0&hl=en&rclk=1,https://calendly.com/digitalmrkhan/30minappointment,https://in.linkedin.com/company/digital-marketing-and-ai-automation-agency,"['contact@mrkhan.digital', 'contact@mrkhan(dot)digital']"
Expertia AI,Not present on google business profiles,https://www.google.com/maps/place/Expertia+AI/data=!4m7!3m6!1s0x3bae15a882f39817:0x1c50ab198ef42faf!8m2!3d12.9160038!4d77.6521995!16s%2Fg%2F11t0t6xz8s!19sChIJF5jzgqgVrjsRry_0jhmrUBw?authuser=0&hl=en&rclk=1,https://expertia.ai/,https://in.linkedin.com/company/expertia-ai,"['support@expertia.ai', 'Email ID: *****@expertia.ai', 'akshay@expertia.ai', 's***@expertia.ai', 'guruprasad.shejwal@hmhrjobs.com']"
Beltech AI Private Limited,09845102222,https://www.google.com/maps/place/Beltech+AI+Private+Limited/data=!4m7!3m6!1s0x3bae173b28601027:0x4e78e39c00ec23c4!8m2!3d12.9848282!4d77.596323!16s%2Fg%2F11my1mlml2!19sChIJJxBgKDsXrjsRxCPsAJzjeE4?authuser=0&hl=en&rclk=1,http://www.beltech.ai/,https://in.linkedin.com/company/beltechai,"['kugunavar@gmail.com', 'agastya@beltech.ai', 'Email ID: *****@beltech.ai']"
Pixis AI,Not present on google business profiles,https://www.google.com/maps/place/Pixis+AI/data=!4m7!3m6!1s0x3bae159551e1ed0f:0xc17dc441e8ccebd3!8m2!3d12.9161285!4d77.6313894!16s%2Fg%2F11j7dcdrb1!19sChIJD-3hUZUVrjsR0-vM6EHEfcE?authuser=0&hl=en&rclk=1,https://pixis.ai/,https://www.linkedin.com/company/pixisai,"['dpo@pixis.ai', 'csglobal@pixis.ai', 'careers@pixis.ai', 'First.Last@pixis.ai', 'name@pixis.ai']"
SKELLAM AI PVT LTD,Not present on google business profiles,https://www.google.com/maps/place/SKELLAM+AI+PVT+LTD/data=!4m7!3m6!1s0x3bae11f5c7559a33:0x121899b374ca82b0!8m2!3d12.9909673!4d77.729707!16s%2Fg%2F11f2wdr2s9!19sChIJM5pVx_URrjsRsILKdLOZGBI?authuser=0&hl=en&rclk=1,http://www.skellam.ai/,https://in.linkedin.com/company/skellam-ai,"['avarun123@gmail.com', 'devinab@skellam.ai']"
Glider.ai,Not present on google business profiles,https://www.google.com/maps/place/Glider.ai/data=!4m7!3m6!1s0x3bae152fe2b3b227:0xda28459b5d0b19e3!8m2!3d12.9161348!4d77.6246871!16s%2Fg%2F11rcl8xtst!19sChIJJ7Kz4i8VrjsR4xkLXZtFKNo?authuser=0&hl=en&rclk=1,Not present on google business profiles,https://in.linkedin.com/company/gliderai,"['info@glider.ai', 'contact@glider.ai']"
Sanas AI Private Limited,Not present on google business profiles,https://www.google.com/maps/place/Sanas+AI+Private+Limited/data=!4m7!3m6!1s0x3bae15ef00851531:0x1ea0e8f6065878be!8m2!3d12.9177484!4d77.6709554!16s%2Fg%2F11t6n7277j!19sChIJMRWFAO8VrjsRvnhYBvbooB4?authuser=0&hl=en&rclk=1,http://www.sanas.ai/,https://in.linkedin.com/company/sanastech,"['cs@jaa-associates.com', 'info@sanas.ai', 'cs@xxxxx@jaa-associates.com']"
Telus International AI & Computer Vision,Not present on google business profiles,https://www.google.com/maps/place/Telus+International+AI+%26+Computer+Vision/data=!4m7!3m6!1s0x3bae1460720ce51d:0x496da4a16d223c79!8m2!3d12.9253831!4d77.6315577!16s%2Fg%2F11cpm8qwz4!19sChIJHeUMcmAUrjsReTwibaGkbUk?authuser=0&hl=en&rclk=1,https://www.playment.io/,https://in.linkedin.com/in/akshaykumarlal,"['xxxx@playment.io', 'Email ID: *****@playment.io', ""Sowjanya Chebiyyam's business email address is s***@playment.io"", 'vinayshankar.cnet@gmail.com']"
curota.ai,Not present on google business profiles,https://www.google.com/maps/place/curota.ai/data=!4m7!3m6!1s0x3bae19d55d3e3b1b:0xe420f4e5d39ca253!8m2!3d13.0586545!4d77.5923205!16s%2Fg%2F11wfn1rwmc!19sChIJGzs-XdUZrjsRU6Kc0-X0IOQ?authuser=0&hl=en&rclk=1,https://www.curota.ai/,https://in.linkedin.com/company/curota-ai,['Email ID:hello@curota.ai']
Waterlabs.AI,Not present on google business profiles,https://www.google.com/maps/place/Waterlabs.AI/data=!4m7!3m6!1s0x3bae0f1d086256e9:0xef983f681a31ad67!8m2!3d13.0540934!4d77.761494!16s%2Fg%2F11rc4sltq2!19sChIJ6VZiCB0PrjsRZ60xGmg_mO8?authuser=0&hl=en&rclk=1,http://waterlabs.ai/,https://www.linkedin.com/company/waterlabsai,"['info@waterlabs.ai', 'name@waterlabs.ai']"
Sumeru Digital Solutions Private Limited,08971227735,https://www.google.com/maps/place/Sumeru+Digital+Solutions+Private+Limited/data=!4m7!3m6!1s0x3bae439988d9a405:0x8b32ff9993906daf!8m2!3d12.8189603!4d77.5137409!16s%2Fg%2F11rn0tkk53!19sChIJBaTZiJlDrjsRr22Qk5n_Mos?authuser=0&hl=en&rclk=1,https://sumerudigital.com/,https://in.linkedin.com/company/sumeru-digital-solutions,"['info@sumerudigital.com', 'example@gmail.com', 'first@sumerudigital.com', 'Email:info@example.com', 'abhijeetrandhir@gmail.com', 'ayush@sumerudigital.com', 'career@sumerudigital.com']"
Crossroad Elf DSS Pvt. Ltd | Data Analytics | Data Engineering | Decision Science Systems Company,07899757299,https://www.google.com/maps/place/Crossroad+Elf+DSS+Pvt.+Ltd+%7C+Data+Analytics+%7C+Data+Engineering+%7C+Decision+Science+Systems+Company/data=!4m7!3m6!1s0x3bae14ed438c693b:0x1d2f5884691539a4!8m2!3d12.9125188!4d77.6359263!16s%2Fg%2F11g8c8jks4!19sChIJO2mMQ-0UrjsRpDkVaYRYLx0?authuser=0&hl=en&rclk=1,https://www.crossroadelf.com/,https://in.linkedin.com/company/crossroadelfdsspvtltd,"['name@crossroadelf.com', 'punyeshl@gmail.com', 'xxxx@crossroadelf.com', 'info@crossroadelf.com']"
Trigeminal.ai,Not present on google business profiles,https://www.google.com/maps/place/Trigeminal.ai/data=!4m7!3m6!1s0x3bae154f2a1ee443:0x37dbe5d07379794a!8m2!3d12.9369126!4d77.6187807!16s%2Fg%2F11sdbd_d61!19sChIJQ-QeKk8VrjsRSnl5c9Dl2zc?authuser=0&hl=en&rclk=1,https://trigeminal.ai/,https://in.linkedin.com/company/trigeminal,"['info@trigeminal.ai', 'info@trigeminal', 'mahamood@trigeminal.ai']"
Fibr AI (SeamlessAI Softtech Private Limited),Not present on google business profiles,https://www.google.com/maps/place/Fibr+AI+%28SeamlessAI+Softtech+Private+Limited%29/data=!4m7!3m6!1s0x3bae15cfd19005bf:0x3dcb25ff2dabf0ce!8m2!3d12.9090677!4d77.6461026!16s%2Fg%2F11jsgwcfpg!19sChIJvwWQ0c8VrjsRzvCrLf8lyz0?authuser=0&hl=en&rclk=1,https://fibr.ai/,https://in.linkedin.com/company/fibrai,"['pr****@fibr.ai', 'roypritam6@gmail.com', 'meenal@fibr.ai']"
Origamis AI (Navadhi Intellisys Private Limited),09972064717,https://www.google.com/maps/place/Origamis+AI+%28Navadhi+Intellisys+Private+Limited%29/data=!4m7!3m6!1s0x3bae154d6e4afa1b:0x3a2ae6c4efb43a3b!8m2!3d12.905076!4d77.6490764!16s%2Fg%2F11wmms2tqm!19sChIJG_pKbk0VrjsROzq078TmKjo?authuser=0&hl=en&rclk=1,https://origamis.ai/,https://sg.linkedin.com/company/origamis-ai,['info@origamis.ai']
Factri.Ai,Not present on google business profiles,https://www.google.com/maps/place/Factri.Ai/data=!4m7!3m6!1s0x3bae17804c5f3cc5:0x75c0d2fa2f67dae1!8m2!3d12.9717747!4d77.6422431!16s%2Fg%2F11rdbx0y8x!19sChIJxTxfTIAXrjsR4dpnL_rSwHU?authuser=0&hl=en&rclk=1,http://www.factri.ai/,https://in.linkedin.com/company/factri-ai,['privacy@factory.ai']
Inkers Technology Pvt Ltd,Not present on google business profiles,https://www.google.com/maps/place/Inkers+Technology+Pvt+Ltd/data=!4m7!3m6!1s0x3bae1512acdff363:0x3f878bf92e6ce443!8m2!3d12.9110344!4d77.6307796!16s%2Fg%2F11gmyrf6w1!19sChIJY_PfrBIVrjsRQ-RsLvmLhz8?authuser=0&hl=en&rclk=1,http://www.inkers.ai/,https://in.linkedin.com/company/inkersai,"['sales@inkers.ai', 'support@theinkers.com']"
Concentric AI,Not present on google business profiles,https://www.google.com/maps/place/Concentric+AI/data=!4m7!3m6!1s0x3bae134046e12441:0x9f314fb2cbcfdb01!8m2!3d12.9311056!4d77.6855271!16s%2Fg%2F11h_3yxwbd!19sChIJQSThRkATrjsRAdvPy7JPMZ8?authuser=0&hl=en&rclk=1,http://concentric.ai/,https://www.linkedin.com/company/concentricinc,"['info@concentric.ai', 'First@concentric.ai', 'akanksham0894@gmail.com']"
Angadi World Technologies Pvt Ltd,09110314465,https://www.google.com/maps/place/Angadi+World+Technologies+Pvt+Ltd/data=!4m7!3m6!1s0x3bae11883c1c8975:0xcd160c2477cb1ba5!8m2!3d13.0116621!4d77.6716627!16s%2Fg%2F11g4dtw6px!19sChIJdYkcPIgRrjsRpRvLdyQMFs0?authuser=0&hl=en&rclk=1,https://angadiworldtech.com/,https://in.linkedin.com/company/awt-technology,"['info@angadiworldtech.com', 'sravan@angadiworldtech.com']"
Convozen Conversational AI Platform,Not present on google business profiles,https://www.google.com/maps/place/Convozen+Conversational+AI+Platform/data=!4m7!3m6!1s0x60637a792b41b0bf:0x45a3c1cf95130568!8m2!3d21.0680074!4d82.7525294!16s%2Fg%2F11md0g0fkk!19sChIJv7BBK3l6Y2ARaAUTlc_Bo0U?authuser=0&hl=en&rclk=1,https://convozen.ai/,https://in.linkedin.com/company/convozen-ai,['contact@convozen.ai']
Digitap.AI Enterprise Solutions Private Limited,Not present on google business profiles,https://www.google.com/maps/place/Digitap.AI+Enterprise+Solutions+Private+Limited/data=!4m7!3m6!1s0x3bae15f987377565:0x29c3616e56e72d8f!8m2!3d12.9568058!4d77.6999666!16s%2Fg%2F11p5gbgqp_!19sChIJZXU3h_kVrjsRjy3nVm5hwyk?authuser=0&hl=en&rclk=1,https://www.digitap.ai/contact-us.html,https://in.linkedin.com/company/digitap-ai,"['info@digitap.ai', 'knageen@gmail.com', 'Email: ankoor@digitap.ai', 'knaxxxxx@gmail.com']"
Peoplebox.ai,Not present on google business profiles,https://www.google.com/maps/place/Peoplebox.ai/data=!4m7!3m6!1s0x3bae153356c15675:0x7580539aafc2e9d6!8m2!3d12.9174464!4d77.6273681!16s%2Fg%2F11fl8ppp30!19sChIJdVbBVjMVrjsR1unCr5pTgHU?authuser=0&hl=en&rclk=1,https://www.peoplebox.ai/,https://in.linkedin.com/company/peopleboxai,"['hello@peoplebox.ai', 'support@peoplebox.ai', 'name@peoplebox.ai', ""Peoplebox.ai's email format typically follows the pattern of Last@peoplebox.ai""]"
Murf AI,Not present on google business profiles,https://www.google.com/maps/place/Murf+AI/data=!4m7!3m6!1s0x3bae1596fb607653:0x9e95a7a56647b9d!8m2!3d12.9102862!4d77.644681!16s%2Fg%2F11jslm150g!19sChIJU3Zg-5YVrjsRnXtkVnpa6Qk?authuser=0&hl=en&rclk=1,https://murf.ai/,https://www.linkedin.com/company/murf-ai,"['Customer Support Â· support@murf.ai', 'support@murf.ai', 'Customer support: support@murf.ai', 'community@murf.ai']"
Cloud Ctrl Ai Software,07288998381,https://www.google.com/maps/place/Cloud+Ctrl+Ai+Software/data=!4m7!3m6!1s0x3bcb8df94f677d1d:0xc40ccdae4d114071!8m2!3d12.9358518!4d77.6198164!16s%2Fg%2F11slhj2qd7!19sChIJHX1nT_mNyzsRcUARTa7NDMQ?authuser=0&hl=en&rclk=1,Not present on google business profiles,https://au.linkedin.com/company/cloudctrl,[]
caytm technologies (Development centre of cred.ai),09611761943,https://www.google.com/maps/place/caytm+technologies+%28Development+centre+of+cred.ai%29/data=!4m7!3m6!1s0x3bae159601e377a9:0x895c06085088cbf7!8m2!3d12.918204!4d77.6453772!16s%2Fg%2F11h0v91mhv!19sChIJqXfjAZYVrjsR98uIUAgGXIk?authuser=0&hl=en&rclk=1,https://cred.ai/,https://www.linkedin.com/company/cred-ai,"['info@credai.org', 'contact@credaibengaluru.com', 'admin@credaichennai.in']"
ezee.ai,Not present on google business profiles,https://www.google.com/maps/place/ezee.ai/data=!4m7!3m6!1s0x3bae151675904d61:0x221e82efd964f9f6!8m2!3d12.9196149!4d77.5757421!16s%2Fg%2F11rpc0g8sj!19sChIJYU2QdRYVrjsR9vlk2e-CHiI?authuser=0&hl=en&rclk=1,https://ezee.ai/contact-us/,https://in.linkedin.com/company/ezeeai,['sales@ezee.ai']
eightfold.ai (India / Bangalore),Not present on google business profiles,https://www.google.com/maps/place/eightfold.ai+%28India+%2F+Bangalore%29/data=!4m7!3m6!1s0x3bae1575de960c9f:0x13b5ad08c20bbd6d!8m2!3d12.9363702!4d77.6107887!16s%2Fg%2F11rzgwdk1z!19sChIJnwyW3nUVrjsRbb0LwgittRM?authuser=0&hl=en&rclk=1,https://eightfold.ai/,https://www.linkedin.com/company/eightfoldai,"['info@eightfold.ai', 'sgoel@eightfold.ai', 'sandesh@gmail.com', 'legal@eightfold.ai']"
Hyena Information Technologies - Mobile App Development Company in Bangalore,07995563989,https://www.google.com/maps/place/Hyena+Information+Technologies+-+Mobile+App+Development+Company+in+Bangalore/data=!4m7!3m6!1s0x3bae154b86cbe5b7:0x97bafc39f8e7d052!8m2!3d12.9148642!4d77.5865006!16s%2Fg%2F11ry3fhkf4!19sChIJt-XLhksVrjsRUtDn-Dn8upc?authuser=0&hl=en&rclk=1,https://www.hyena.ai/contact-us/,https://in.linkedin.com/company/hyena-information-technologies,[]
Bhashini AI Solutions Private Limited,07019540117,https://www.google.com/maps/place/Bhashini+AI+Solutions+Private+Limited/data=!4m7!3m6!1s0x3bae0579c9da2135:0x3806bd7fc399da5d!8m2!3d13.0737274!4d77.7862572!16s%2Fg%2F11cjk0wfb6!19sChIJNSHayXkFrjsRXdqZw3-9Bjg?authuser=0&hl=en&rclk=1,http://www.bhashini.ai/,https://in.linkedin.com/company/bhashini-ai,[]
Gyrus AI,Not present on google business profiles,https://www.google.com/maps/place/Gyrus+AI/data=!4m7!3m6!1s0x3bae13590292457b:0x9adf63c07c4cbab5!8m2!3d12.9566511!4d77.6999673!16s%2Fg%2F11sp50ycvd!19sChIJe0WSAlkTrjsRtbpMfMBj35o?authuser=0&hl=en&rclk=1,https://gyrus.ai/,https://in.linkedin.com/company/gyrusai,"['Email ID: *****@gyrus.ai', ""Gyrus AI's email format typically follows the pattern of First@gyrus.ai""]"
"Jellies Phone Company / We Develop Mobile apps (Flutter, React, Android.)",06363449608,"https://www.google.com/maps/place/Jellies+Phone+Company+%2F+We+Develop+Mobile+apps+%28Flutter,+React,+Android.%29/data=!4m7!3m6!1s0x3bae0fa904b8ddab:0xbc726232fdd22e45!8m2!3d12.9860017!4d77.7403797!16s%2Fg%2F11p10m_x4k!19sChIJq924BKkPrjsRRS7S_TJicrw?authuser=0&hl=en&rclk=1",Not present on google business profiles,https://in.linkedin.com/company/jellies-ai,[]
sysotel.ai,Not present on google business profiles,https://www.google.com/maps/place/sysotel.ai/data=!4m7!3m6!1s0x3bae119694032df9:0xfe3224d32ecc110a!8m2!3d12.9582507!4d77.7446148!16s%2Fg%2F11rmw3fvjz!19sChIJ-S0DlJYRrjsRChHMLtMkMv4?authuser=0&hl=en&rclk=1,https://sysotel.ai/book-demo,https://in.linkedin.com/company/sysotel,"['info@sysotel.ai', 'sysotelindia@gmail.com', 'support@sysotel.ai', 'investors@sysotel.ai']"
Collectiv AI,Not present on google business profiles,https://www.google.com/maps/place/Collectiv+AI/data=!4m7!3m6!1s0x3bae17916e843b57:0x79483bb82d5cc626!8m2!3d12.9739085!4d77.6345925!16s%2Fg%2F11svbnrgkx!19sChIJVzuEbpEXrjsRJsZcLbg7SHk?authuser=0&hl=en&rclk=1,https://dowhile.ai/,https://www.linkedin.com/company/dowhile-ai,['Email ID: *****@collectivai.com']
Venturesoft.ai,09255233350,https://www.google.com/maps/place/Venturesoft.ai/data=!4m7!3m6!1s0x3bae14b0f43d48fd:0x67348144e4b52c7f!8m2!3d12.8913688!4d77.6413324!16s%2Fg%2F11b69ww1qc!19sChIJ_Ug99LAUrjsRfyy15ESBNGc?authuser=0&hl=en&rclk=1,http://www.venturesoft.ai/,https://www.linkedin.com/company/venturesoft-global,"['vai@venturesoftglobal.com', 'murali.som@gmail.com', 'info@venturesoft.ai', 'muralidharan@venturesoft.ai']"
Crest AI,09538424384,https://www.google.com/maps/place/Crest+AI/data=!4m7!3m6!1s0x3bae159362d32f35:0x620169dd1e036e0b!8m2!3d12.9134498!4d77.6338963!16s%2Fg%2F11k9tgw91k!19sChIJNS_TYpMVrjsRC24DHt1pAWI?authuser=0&hl=en&rclk=1,http://www.getcrest.ai/,https://in.linkedin.com/company/get-crest,"['info@crestdata.ai', 'info@crestcreationz.com', 'sales@getcrest.ai', 'yb@getcrest.ai', 'vineet.loonker@springernature.com']"
Niti AI,09108124306,https://www.google.com/maps/place/Niti+AI/data=!4m7!3m6!1s0x3bae15004c1c8269:0x33c122b676b3b837!8m2!3d12.9134793!4d77.6516316!16s%2Fg%2F11vs3kmzdd!19sChIJaYIcTAAVrjsRN7izdrYiwTM?authuser=0&hl=en&rclk=1,http://www.niti.ai/,https://in.linkedin.com/company/nitiai,"['devansh.imnu@gmail.com', 'Email ID: *****@niti.ai', 'hurryharan@gmail.com or hari@niti.ai', 'coffee@niti.ai']"
Hypergro HQ,Not present on google business profiles,https://www.google.com/maps/place/Hypergro+HQ/data=!4m7!3m6!1s0x3bae15f3e4e096db:0x91fe9fa4df1e9880!8m2!3d12.9089161!4d77.6487169!16s%2Fg%2F11srfvgwnh!19sChIJ25bg5PMVrjsRgJge36Sf_pE?authuser=0&hl=en&rclk=1,https://hypergro.ai/,https://in.linkedin.com/company/hypergro,"['contact@gro.care', 'nehasoman24@gmail.com']"
Famous AI Tools,Not present on google business profiles,https://www.google.com/maps/place/Famous+AI+Tools/data=!4m7!3m6!1s0x3bae1543617b561b:0x9e103226019782cd!8m2!3d12.916668!4d77.6425651!16s%2Fg%2F11vrd89bpv!19sChIJG1Z7YUMVrjsRzYKXASYyEJ4?authuser=0&hl=en&rclk=1,https://famousaitools.ai/,https://www.linkedin.com/company/famous-ai,['famousaitool@gmail.com']
Eduleem School of Cloud and AI,09606457497,https://www.google.com/maps/place/Eduleem+School+of+Cloud+and+AI/data=!4m7!3m6!1s0x3bae150f63c732ed:0xaf315d69eed537c1!8m2!3d12.916564!4d77.6358442!16s%2Fg%2F11k4w_6s2j!19sChIJ7TLHYw8VrjsRwTfV7mldMa8?authuser=0&hl=en&rclk=1,https://eduleem.com/cloud-computing-courses-in-bangalore/,https://eduleem.com/cloud-computing-expert-program/,"['Info@Eduleem.com', 'Email: info@eduleem.com']"
Bohni AI,08951251908,https://www.google.com/maps/place/Bohni+AI/data=!4m7!3m6!1s0x3bae156ed9ea23e5:0x6490387378268cc9!8m2!3d12.911862!4d77.6445923!16s%2Fg%2F11lggxjr22!19sChIJ5SPq2W4VrjsRyYwmeHM4kGQ?authuser=0&hl=en&rclk=1,Not present on google business profiles,https://in.linkedin.com/company/bohni,"['kristen@bohni.io', 'hr@bobble.ai', 'name@bounti.ai', 'eMail:sales@botshot.ai', 'ankita@bobble.ai']"
Newron AI,09205439973,https://www.google.com/maps/place/Newron+AI/data=!4m7!3m6!1s0x3bae1501ba45ee53:0x640067891a63ed1b!8m2!3d12.9186599!4d77.6451699!16s%2Fg%2F11t88g7cp1!19sChIJU-5FugEVrjsRG-1jGolnAGQ?authuser=0&hl=en&rclk=1,https://newron.ai/,https://in.linkedin.com/company/newron,"['info@newron.com', 'info@neuron7.ai', 'contact@ineuron.ai', 'name@newron.ai', 'Email ID: *****@newron.ai']"
"Pattem Digital - UX/UI Design Research, Web and Mobile App, CMS, ROR, AEM, Sitecore, AI, Cloud.",09901337558,"https://www.google.com/maps/place/Pattem+Digital+-+UX%2FUI+Design+Research,+Web+and+Mobile+App,+CMS,+ROR,+AEM,+Sitecore,+AI,+Cloud./data=!4m7!3m6!1s0x3bae15650b487bb9:0x539a677a70c61407!8m2!3d12.9783438!4d77.7278584!16s%2Fg%2F11hdb4c74x!19sChIJuXtIC2UVrjsRBxTGcHpnmlM?authuser=0&hl=en&rclk=1",http://www.pattemdigital.com/,https://in.linkedin.com/company/pattem-digital-technologies,[]
Resolute AI Software Private Limited,07406938888,https://www.google.com/maps/place/Resolute+AI+Software+Private+Limited/data=!4m7!3m6!1s0x3bae151937246773:0xb56b3a73df507d82!8m2!3d12.9036455!4d77.6014078!16s%2Fg%2F11v03ypxbw!19sChIJc2ckNxkVrjsRgn1Q33M6a7U?authuser=0&hl=en&rclk=1,http://resoluteaisoftware.in/,https://in.linkedin.com/company/resolute-ai,"['jha0073@yahoo.co.in', 'employer@internshala.com', 'sanjayjha@resoluteai.in']"
Yellow.ai,Not present on google business profiles,https://www.google.com/maps/place/Yellow.ai/data=!4m7!3m6!1s0x3bae152b898c10d1:0x18caa779b2e5de2f!8m2!3d12.9338125!4d77.6203125!16s%2Fg%2F11sf6g54jv!19sChIJ0RCMiSsVrjsRL97lsnmnyhg?authuser=0&hl=en&rclk=1,https://yellow.ai/request-demo/,https://in.linkedin.com/company/yellowdotai,"['support@yellow.ai', 'sales@yellow.ai']"
Ubona: Voice Bots| Automated conversational AI bot | Call Center Automation in India,09035063802,https://www.google.com/maps/place/Ubona:+Voice+Bots%7C+Automated+conversational+AI+bot+%7C+Call+Center+Automation+in+India/data=!4m7!3m6!1s0x3bae149ab000df11:0xd3c65588ba36e899!8m2!3d12.9123446!4d77.6427981!16s%2Fg%2F1ydpvbcrt!19sChIJEd8AsJoUrjsRmeg2uohVxtM?authuser=0&hl=en&rclk=1,http://www.ubona.com/,https://in.linkedin.com/company/ubona,"['infosec@ubona.com', 'linda@ubsforums.com', ""first '.' last@ubona.com""]"
ABATA AI,Not present on google business profiles,https://www.google.com/maps/place/ABATA+AI/data=!4m7!3m6!1s0xa1841d116d1a818f:0x129059a8e0a348bd!8m2!3d12.9051757!4d77.6331155!16s%2Fg%2F11vxyccn4c!19sChIJj4EabREdhKERvUij4KhZkBI?authuser=0&hl=en&rclk=1,https://www.abata.in/,https://www.linkedin.com/company/abata-therapeutics,"['support@abata.in', 'info@abata.in', 'FLast@abatatx.com', 'first_initial}{last}@abatatx.com', 'sales@abatacommerce.com']"
Neural Coder AI,07406501233,https://www.google.com/maps/place/Neural+Coder+AI/data=!4m7!3m6!1s0x3bae14050c2467db:0x2c385816439fb53!8m2!3d12.9600233!4d77.6445466!16s%2Fg%2F11vzdtcnrx!19sChIJ22ckDAUUrjsRU_s5ZIGFwwI?authuser=0&hl=en&rclk=1,https://tech.neuralcoderai.com/,https://in.linkedin.com/company/neural-coder-ai,"['sales@Neuralcoderai.com', 'sales@neuralcoderai.com', 'last@neuralbrain.com']"
Omind.ai,Not present on google business profiles,https://www.google.com/maps/place/Omind.ai/data=!4m7!3m6!1s0x3bae159cb1ef631d:0xfc9cbbce6d9e4db4!8m2!3d12.9154613!4d77.6449311!16s%2Fg%2F11l2pstfhh!19sChIJHWPvsZwVrjsRtE2ebc67nPw?authuser=0&hl=en&rclk=1,https://www.omind.ai/,https://in.linkedin.com/company/omind-ai,[]
Revsure AI,Not present on google business profiles,https://www.google.com/maps/place/Revsure+AI/data=!4m7!3m6!1s0x3bae17000818efff:0x5abd2ca5d9e53581!8m2!3d12.9732614!4d77.6407319!16s%2Fg%2F11wq2_x5bx!19sChIJ_-8YCAAXrjsRgTXl2aUsvVo?authuser=0&hl=en&rclk=1,https://www.revsure.ai/,https://in.linkedin.com/company/revsureai,"['sales@revsure.ai', 'privacy@revsure.ai', 'Email: *****@gmail.com', 'dsdhingra@gmail.com']"
Autonomize AI India Pvt Ltd,Not present on google business profiles,https://www.google.com/maps/place/Autonomize+AI+India+Pvt+Ltd/data=!4m7!3m6!1s0x3bae17778aaa4fd9:0x4d416fcce0225b51!8m2!3d12.9735715!4d77.6093191!16s%2Fg%2F11vj5f8zb5!19sChIJ2U-qincXrjsRUVsi4MxvQU0?authuser=0&hl=en&rclk=1,https://autonomize.ai/,https://in.linkedin.com/company/autonomizeai,"['Email ID: *****@autonomize.ai', 'email. ******@autonomize.ai']"
CronJ IT Technologies Pvt. Ltd.,07093705150,https://www.google.com/maps/place/CronJ+IT+Technologies+Pvt.+Ltd./data=!4m7!3m6!1s0x3bae149de151706b:0x9c9708bf778cec7e!8m2!3d12.9078424!4d77.6379312!16s%2Fg%2F11q2ykczq4!19sChIJa3BR4Z0UrjsRfuyMd78Il5w?authuser=0&hl=en&rclk=1,https://www.cronj.com/,https://in.linkedin.com/company/cronjit,"['contact@cronj.com', 'caqusroo@gmail.com', 'name@cronj.com']"
Unscript.AI Private Limited,Not present on google business profiles,https://www.google.com/maps/place/Unscript.AI+Private+Limited/data=!4m7!3m6!1s0x3bae1595f3b8a22f:0x490c863be7cb0523!8m2!3d12.9126561!4d77.6522155!16s%2Fg%2F11k4frfn3j!19sChIJL6K485UVrjsRIwXL5zuGDEk?authuser=0&hl=en&rclk=1,https://unscript.ai/,https://in.linkedin.com/company/unscriptai,"['contact@unscript.ai', 'unscriptai@gmail.com', 'name@unscript.ai']"
Irin AI,Not present on google business profiles,https://www.google.com/maps/place/Irin+AI/data=!4m7!3m6!1s0x6052e3def54f08bb:0xdb102f69e02a7abf!8m2!3d12.9796796!4d77.7246409!16s%2Fg%2F11j_2zf_yf!19sChIJuwhP9d7jUmARv3oq4GkvENs?authuser=0&hl=en&rclk=1,https://irin.ai/,https://in.linkedin.com/company/irindotai,"['contact@irin.ai', 'Email: *****@gmail.com', 'nishantanshul@gmail.com']"
Snowmountain AI,Not present on google business profiles,https://www.google.com/maps/place/Snowmountain+AI/data=!4m7!3m6!1s0x3bae15290a7ba717:0x9bef90066e3ba936!8m2!3d12.9655604!4d77.638638!16s%2Fg%2F11ksmsnnzf!19sChIJF6d7CikVrjsRNqk7bgaQ75s?authuser=0&hl=en&rclk=1,https://snowmountain.ai/,https://in.linkedin.com/company/snow-mountain-ai,"['sherpa@snowmountain.ai', 'Email ID: *****@snowmountain.ai', 'name@snowmountain.ai']"
PepperTree.AI Pvt. Ltd,Not present on google business profiles,https://www.google.com/maps/place/PepperTree.AI+Pvt.+Ltd/data=!4m7!3m6!1s0x3bae159198df76e9:0x1e65c28760f2a2ff!8m2!3d12.9148636!4d77.5865197!16s%2Fg%2F11stv2xcmg!19sChIJ6XbfmJEVrjsR_6LyYIfCZR4?authuser=0&hl=en&rclk=1,http://giropie.com/,https://in.linkedin.com/company/peppertreeai,['ns.manjunatha@peppertree.ai']
Vector AI Private Limited,Not present on google business profiles,https://www.google.com/maps/place/Vector+AI+Private+Limited/data=!4m7!3m6!1s0x2df279e65ada0b09:0xd0f15290867afbab!8m2!3d12.9102584!4d77.6458227!16s%2Fg%2F11wn_ll2gq!19sChIJCQvaWuZ58i0Rq_t6hpBS8dA?authuser=0&hl=en&rclk=1,https://calendly.com/vectorai-aisdr/20min,https://in.linkedin.com/company/vectorai-inc,"['ravikota532@gmail.com', 'info@vectorai.in', 'Email: *****@gmail.com', 'hello@vector-ai.co', 'office@kprc.co.in']"
GoodWorkLabs - AI | Gaming | Mobile App Development Company in HSR Layout,Not present on google business profiles,https://www.google.com/maps/place/GoodWorkLabs+-+AI+%7C+Gaming+%7C+Mobile+App+Development+Company+in+HSR+Layout/data=!4m7!3m6!1s0x3bae159990be1d5d:0x767eb3a88f18f3f2!8m2!3d12.9092107!4d77.6446968!16s%2Fg%2F11w3f1nhhw!19sChIJXR2-kJkVrjsR8vMYj6izfnY?authuser=0&hl=en&rclk=1,https://www.goodworklabs.com/contact-us/,https://in.linkedin.com/company/goodworklabs-services-private-limited,['contact@goodworklabs.com']
Drongo AI,09448271544,https://www.google.com/maps/place/Drongo+AI/data=!4m7!3m6!1s0x3bae15fb1b37c081:0xcb987855ae06cfea!8m2!3d12.9584109!4d77.571454!16s%2Fg%2F11n11r7n1h!19sChIJgcA3G_sVrjsR6s8GrlV4mMs?authuser=0&hl=en&rclk=1,http://drongoai.com/,https://in.linkedin.com/company/drongo-ai,"['p.vajapeyam@gmail.com', 'Email: *****@drongoai.com']"
DBiz.ai,Not present on google business profiles,https://www.google.com/maps/place/DBiz.ai/data=!4m7!3m6!1s0x3bae150016c4e84f:0x25d3d66f13f406ce!8m2!3d12.9150624!4d77.6367417!16s%2Fg%2F11vst496_n!19sChIJT-jEFgAVrjsRzgb0E2_W0yU?authuser=0&hl=en&rclk=1,https://dbiz.ai/,https://in.linkedin.com/company/dbizsolutions,"['info@dbizsolution.com', 'info@dbizsolution', 'johnnyvinod@gmail.com', 'Email ID: *****@dbizsolution.com']"
Otomeyt,Not present on google business profiles,https://www.google.com/maps/place/Otomeyt/data=!4m7!3m6!1s0x3bae157c0c508179:0x91efffe3d56346a2!8m2!3d12.9389572!4d77.6095217!16s%2Fg%2F11fktfy90v!19sChIJeYFQDHwVrjsRokZj1eP_75E?authuser=0&hl=en&rclk=1,http://www.otomeyt.ai/,Not found,"['finance.pw@apar.com', 'First.L@otomeyt.ai', 'v***@otomeyt.ai']"
MNP Technologies | Best Devops| SAP | AWS| AI Software Training Institute in Marathahalli Bangalore,07259912345,https://www.google.com/maps/place/MNP+Technologies+%7C+Best+Devops%7C+SAP+%7C+AWS%7C+AI+Software+Training+Institute+in+Marathahalli+Bangalore/data=!4m7!3m6!1s0x3bae1379afbc7f79:0x4fc72717dbe6bf0e!8m2!3d12.9583415!4d77.700836!16s%2Fg%2F11hht17p79!19sChIJeX-8r3kTrjsRDr_m2xcnx08?authuser=0&hl=en&rclk=1,https://mnptechnologies.com/contact/,Not found,"['info@mnptechnologies.com', 'mayankt.iitkgp@gmail.com']"
Raksham AI (NAMMARAKSHAM AI LLP),Not present on google business profiles,https://www.google.com/maps/place/Raksham+AI+%28NAMMARAKSHAM+AI+LLP%29/data=!4m7!3m6!1s0x27cdf299061732b:0x483277d14b529ef9!8m2!3d21.0680074!4d82.7525294!16s%2Fg%2F11yf2ymy36!19sChIJK3NhkCnffAIR-Z5SS9F3Mkg?authuser=0&hl=en&rclk=1,https://raksham.ai/,Not found,"['contact@raksham.in', 'contact@raksham.ai']"
CustomerGlu - India Office,09626937819,https://www.google.com/maps/place/CustomerGlu+-+India+Office/data=!4m7!3m6!1s0x3bae14b02d1007bf:0xa27a0bf51142d8e0!8m2!3d12.9146851!4d77.6333283!16s%2Fg%2F11c2y5259m!19sChIJvwcQLbAUrjsR4NhCEfULeqI?authuser=0&hl=en&rclk=1,https://www.customerglu.com/,Not found,"['cs@customerglu.net', 'Email ID: *****@customerglu.net', 'prateek@customerglu.net']"
OptIQ.AI,08791414853,https://www.google.com/maps/place/OptIQ.AI/data=!4m7!3m6!1s0x3bae15b899d5865b:0x8c68d50d5f83f8e7!8m2!3d12.915634!4d77.644557!16s%2Fg%2F11s7z17gy6!19sChIJW4bVmbgVrjsR5_iDXw3VaIw?authuser=0&hl=en&rclk=1,https://www.optiq.ai/,Not found,"['contact@optiq.ai', 'Email ID: *****@optiq.ai']"
Senthil AI Innovations Private Limited,07406230303,https://www.google.com/maps/place/Senthil+AI+Innovations+Private+Limited/data=!4m7!3m6!1s0xa6e7a54ed2b54dc9:0xb843824cc62116e!8m2!3d12.086246!4d78.5976499!16s%2Fg%2F11x18s1jl_!19sChIJyU210k6l56YRbhFizCQ4hAs?authuser=0&hl=en&rclk=1,https://saii.co.in/,Not found,"['contact@saii.co.in', 'Lalita.s@saiiresorts.com', 'ashok.andavarapu@hotlook.com', 'saii@blockfi.com', 'dpksharma1818@gmail.com', 'saii@saiiag.co.uk']"
"FuGenX Technologies - Best Mobile App Development Company in Bangalore, India",04067918888,"https://www.google.com/maps/place/FuGenX+Technologies+-+Best+Mobile+App+Development+Company+in+Bangalore,+India/data=!4m7!3m6!1s0x3bae14fc196112db:0x68e6574e7f2d7302!8m2!3d12.9148685!4d77.58647!16s%2Fg%2F123360ff3!19sChIJ2xJhGfwUrjsRAnMtf05X5mg?authuser=0&hl=en&rclk=1",https://fugenx.com/,Not found,"['info@fugenx.com', 'Connect with Our Experts Nowinfo@fugenx.com', ""first '.' last_initial@fugenx.com""]"
AIAIOO Labs,07760580015,https://www.google.com/maps/place/AIAIOO+Labs/data=!4m7!3m6!1s0x3bae165ebe7f2f33:0x1caa14674806f1bd!8m2!3d12.994407!4d77.6029345!16s%2Fg%2F1tfbg536!19sChIJMy9_vl4WrjsRvfEGSGcUqhw?authuser=0&hl=en&rclk=1,http://www.aiaioo.com/,Not found,"['sales@aiaioo.com', 'cohan@aiaioo.com', 'name@aiaioo.com', 'xxxx@aiaioo.com']"
E3 Technologies Pvt Ltd ( E3 Electric.Ai),Not present on google business profiles,https://www.google.com/maps/place/E3+Technologies+Pvt+Ltd+%28+E3+Electric.Ai%29/data=!4m7!3m6!1s0x24045bd88f6558eb:0x6e0e19392e1ddfab!8m2!3d12.8421838!4d77.6692618!16s%2Fg%2F11wn7t3b69!19sChIJ61hlj9hbBCQRq98dLjkZDm4?authuser=0&hl=en&rclk=1,https://www.e3electric.ai/,Not found,"['Email ID: *****@e3space.com', 'FLast@e3electric.com']"
Frinks AI,Not present on google business profiles,https://www.google.com/maps/place/Frinks+AI/data=!4m7!3m6!1s0x3bae1524ec0ffd05:0x89d23895d7de0a63!8m2!3d12.912961!4d77.6530232!16s%2Fg%2F11trp4q51m!19sChIJBf0P7CQVrjsRYwre15U40ok?authuser=0&hl=en&rclk=1,https://frinks.ai/,Not found,"['contact@frinks.ai', 'aditya@frinks.ai', 'aditya@frinks.in']"
ContraVault AI,Not present on google business profiles,https://www.google.com/maps/place/ContraVault+AI/data=!4m7!3m6!1s0x281dd5e9c4222bd5:0x910c5efa2cce9b7f!8m2!3d40.266869!4d147.708913!16s%2Fg%2F11x8z6m2yt!19sChIJ1SsixOnVHSgRf5vOLPpeDJE?authuser=0&hl=en&rclk=1,https://www.contravault.com/,Not found,"['contact@support.com', 'isha@contravault.com', 'Email ID: *****@contravault.com']"
AloftLabs Ai Technologies,06374154889,https://www.google.com/maps/place/AloftLabs+Ai+Technologies/data=!4m7!3m6!1s0x6d669c1d4867d24b:0xc9c7e5213ea89e32!8m2!3d21.0680074!4d82.7525294!16s%2Fg%2F11lf0t1shf!19sChIJS9JnSB2cZm0RMp6oPiHlx8k?authuser=0&hl=en&rclk=1,https://www.aloftlabsai.com/,Not found,"['employer@internshala.com', 'support@aloftmail.com']"
Slideoo AI,Not present on google business profiles,https://www.google.com/maps/place/Slideoo+AI/data=!4m7!3m6!1s0x3bae15a2a577f8b9:0xf32e7454b71b7cc8!8m2!3d12.9090582!4d77.635253!16s%2Fg%2F11w92d2n4_!19sChIJufh3paIVrjsRyHwbt1R0LvM?authuser=0&hl=en&rclk=1,https://slideoo.ai/,Not found,"['contact@slideoo.ai', 'Email ID: *****@slideoo.ai', ""Jasbir Singh's personal email address is ***@gmail.com"", 'Email : *****r@slideoo.ai', 'Email: *****@slideoo.ai']"
Slidely AI,08003115061,https://www.google.com/maps/place/Slidely+AI/data=!4m7!3m6!1s0x3bae150c66b647d9:0x114cd1f79a24d163!8m2!3d12.9007095!4d77.6504696!16s%2Fg%2F11wj4nzk0c!19sChIJ2Ue2ZgwVrjsRY9EkmvfRTBE?authuser=0&hl=en&rclk=1,https://www.slidely.ai/,Not found,"['support@liquidmind.ai', 'support@magicslides.app']"
Prodoc AI,07022890888,https://www.google.com/maps/place/Prodoc+AI/data=!4m7!3m6!1s0x3bae11e88165eca9:0x8d5408ca597ae3bc!8m2!3d12.9900645!4d77.7029111!16s%2Fg%2F11v3_07x6k!19sChIJqexlgegRrjsRvON6WcoIVI0?authuser=0&hl=en&rclk=1,https://prodoc.ai/,Not found,"['Email ID: legal@prodoc.io', 'info@prodoc.ai']"
LimeChat,08882031348,https://www.google.com/maps/place/LimeChat/data=!4m7!3m6!1s0x390cdd531dfcaaed:0xf1e7e8356c7de9dc!8m2!3d12.9087158!4d77.6502641!16s%2Fg%2F11rb9lg9x4!19sChIJ7ar8HVPdDDkR3Ol9bDXo5_E?authuser=0&hl=en&rclk=1,https://limechat.ai/,Not found,"['legal@limechat.ai', 'support@limechat.ai', 'aniket@limechat.ai', 'xxxx@limechat.ai']"
OpenIntervue - Best AI Powered Automated Recruitment Platform,Not present on google business profiles,https://www.google.com/maps/place/OpenIntervue+-+Best+AI+Powered+Automated+Recruitment+Platform/data=!4m7!3m6!1s0x2171abd00ea37eeb:0x4a4154a599d0f5ac!8m2!3d21.0680074!4d82.7525294!16s%2Fg%2F11sv55w5jv!19sChIJ636jDtCrcSERrPXQmaVUQUo?authuser=0&hl=en&rclk=1,https://openintervue.com/demo,Not found,[]
Asama.ai,Not present on google business profiles,https://www.google.com/maps/place/Asama.ai/data=!4m7!3m6!1s0x3bae137041a70dff:0x35686b1fc03069fd!8m2!3d12.9327764!4d77.6834966!16s%2Fg%2F11w999nm8k!19sChIJ_w2nQXATrjsR_WkwwB9raDU?authuser=0&hl=en&rclk=1,http://www.asama.ai/,Not found,[]
snapshare ai,09895908840,https://www.google.com/maps/place/snapshare+ai/data=!4m7!3m6!1s0xf78153d1888c731:0x48948ed8a7610569!8m2!3d21.0680074!4d82.7525294!16s%2Fg%2F11w7lml5fr!19sChIJMceIGD0VeA8RaQVhp9iOlEg?authuser=0&hl=en&rclk=1,https://snapsshare.com/,Not found,[]
Tech Active Solutions (India) Private Limited,08041213190,https://www.google.com/maps/place/Tech+Active+Solutions+%28India%29+Private+Limited/data=!4m7!3m6!1s0x3bae15e61d5cbe51:0x4cee49f0163b7792!8m2!3d12.9168777!4d77.6151167!16s%2Fg%2F1hjh1wqz1!19sChIJUb5cHeYVrjsRknc7FvBJ7kw?authuser=0&hl=en&rclk=1,https://www.rokkun.io/,Not found,[]
Briqlabs - Tailored AI for your business,Not present on google business profiles,https://www.google.com/maps/place/Briqlabs+-+Tailored+AI+for+your+business/data=!4m7!3m6!1s0x40b570b420eb1767:0xa0d095099db31efd!8m2!3d45.0503999!4d-47.8023207!16s%2Fg%2F11lv63nvdd!19sChIJZxfrILRwtUAR_R6znQmV0KA?authuser=0&hl=en&rclk=1,https://briqlabs.com/,Not found,[]
Symbiosis AI,Not present on google business profiles,https://www.google.com/maps/place/Symbiosis+AI/data=!4m7!3m6!1s0x93c940d567a51b1:0xce9afd188db29e95!8m2!3d21.0680074!4d82.7525294!16s%2Fg%2F11wn7ldf77!19sChIJsVF6Vg2UPAkRlZ6yjRj9ms4?authuser=0&hl=en&rclk=1,https://symbiosistech.ai/,Not found,[]
Almani AI,Not present on google business profiles,https://www.google.com/maps/place/Almani+AI/data=!4m7!3m6!1s0xa0659126c7a1d7cd:0xf818fcc8fba1f21e!8m2!3d46.423669!4d-128.2873509!16s%2Fg%2F11xgd9dp4z!19sChIJzdehxyaRZaARHvKh-8j8GPg?authuser=0&hl=en&rclk=1,https://www.almaniai.com/,Not found,[]
Senseforth AI Research Pvt. Ltd.,Not present on google business profiles,https://www.google.com/maps/place/Senseforth+AI+Research+Pvt.+Ltd./data=!4m7!3m6!1s0x3bae148cdc39282f:0x795c0aed43f8380a!8m2!3d12.9418935!4d77.697348!16s%2Fg%2F11b7vchtk1!19sChIJLyg53IwUrjsRCjj4Q-0KXHk?authuser=0&hl=en&rclk=1,https://www.senseforth.ai/,Not found,[]
Infosys Campus Building 37,Not present on google business profiles,https://www.google.com/maps/place/Infosys+Campus+Building+37/data=!4m7!3m6!1s0x3bae6c90b0a7fda7:0xdc5fdc7ea64a509f!8m2!3d12.8518384!4d77.6658498!16s%2Fg%2F11g8_bkss_!19sChIJp_2nsJBsrjsRn1BKpn7cX9w?authuser=0&hl=en&rclk=1,Not present on google business profiles,Not found,[]
JIFFY.ai,06466520764,https://www.google.com/maps/place/JIFFY.ai/data=!4m7!3m6!1s0x3bae1578a3ac78d1:0x53f2bb26eade78fc!8m2!3d12.9157597!4d77.6308559!16s%2Fg%2F11j83jlqt3!19sChIJ0Xiso3gVrjsR_Hje6ia78lM?authuser=0&hl=en&rclk=1,https://www.jiffy.ai/,Not found,[]
zotel ai,Not present on google business profiles,https://www.google.com/maps/place/zotel+ai/data=!4m7!3m6!1s0xf9f518cf00215b:0x7c1394a98cc255a8!8m2!3d21.0680074!4d82.7525294!16s%2Fg%2F11x7mchv3x!19sChIJWyEAzxj1-QARqFXCjKmUE3w?authuser=0&hl=en&rclk=1,https://zotel.ai/,Not found,[]
silvan ai tech,08714650500,https://www.google.com/maps/place/silvan+ai+tech/data=!4m7!3m6!1s0x6c19ee750f5f86eb:0xfc7f7453da6072fd!8m2!3d40.3990808!4d150.06225!16s%2Fg%2F11w9zchfbg!19sChIJ64ZfD3XuGWwR_XJg2lN0f_w?authuser=0&hl=en&rclk=1,https://www.silvanaitech.com/,Not found,[]
"WowExp | Best Augmented Reality Company of Bangalore, India",09019305605,"https://www.google.com/maps/place/WowExp+%7C+Best+Augmented+Reality+Company+of+Bangalore,+India/data=!4m7!3m6!1s0x3bae10d22d06e515:0x5f308f09734feb3c!8m2!3d12.995874!4d77.669239!16s%2Fg%2F11h7rr26pv!19sChIJFeUGLdIQrjsRPOtPcwmPMF8?authuser=0&hl=en&rclk=1",Not present on google business profiles,Not found,[]
DheeYantra | Conversational AI | Voice/Text Bots for Indian Languages,08067590375,https://www.google.com/maps/place/DheeYantra+%7C+Conversational+AI+%7C+Voice%2FText+Bots+for+Indian+Languages/data=!4m7!3m6!1s0x3bae0df8a84888c1:0x7ac1cc290a3d0e78!8m2!3d12.9863653!4d77.7401439!16s%2Fg%2F11g6z54s54!19sChIJwYhIqPgNrjsReA49CinMwXo?authuser=0&hl=en&rclk=1,Not present on google business profiles,Not found,[]
Flexbiz.Ai,Not present on google business profiles,https://www.google.com/maps/place/Flexbiz.Ai/data=!4m7!3m6!1s0x3bae110031e62ef3:0xba1b607dc26c50ea!8m2!3d13.0196581!4d77.6618889!16s%2Fg%2F11wmmrj93r!19sChIJ8y7mMQARrjsR6lBswn1gG7o?authuser=0&hl=en&rclk=1,https://flexbiz.ai/,Not found,[]
