Company Name,Address,Phone Number,Google business profile link,Website,E-Mail,Linkedin-Link
Askmeguru Technologies,"Plot No 802, YSR Stachu, above Pure O Naturals, Ayyappa Society, Mega Hills, Madhapur, Hyderabad, Telangana 500081 ",08885051616,https://www.google.com/maps/place/Askmeguru+Technologies/data=!4m7!3m6!1s0x3bcb910f0eb41cf3:0xeee834bbc5b81cce!8m2!3d17.4517614!4d78.3919879!16s%2Fg%2F11f70zz7js!19sChIJ8xy0Dg-RyzsRzhy4xbs06O4?authuser=0&hl=en&rclk=1,http://askmeguru.com/,['amitjainemail@yahoo.com'],https://in.linkedin.com/company/askmeguru
Access Info Sources - IT Software Development Company | Blockchain,"1st Floor, Level 1, Midtown Building, Rd Number 1, opp. Jalgam Vengal Road Park, Dwarakapuri, Punjagutta, Hyderabad, Telangana 500034 ",Not present on google business profiles,https://www.google.com/maps/place/Access+Info+Sources+-+IT+Software+Development+Company+%7C+Blockchain/data=!4m7!3m6!1s0x3bcb97d828c03bd3:0xff57bb9883c1838e!8m2!3d17.4231211!4d78.4492515!16s%2Fg%2F11rrpsvdt8!19sChIJ0zvAKNiXyzsRjoPBg5i7V_8?authuser=0&hl=en&rclk=1,https://accessinfosources.com/,"['access@accesskerala.com', 'Info@Accessinfosources.com', 'accessinfosources@gmail.com', 'Email: *****@accesskerala.com', 'info@access-info.org']",https://uk.linkedin.com/in/alexander-prince-285632250
Velocious Solutions Pvt. Ltd. | Best Software Company in Hyderabad | Top IT Services Provider,"Asian Sun City, 1507, B Block, Forest Dept Colony, Kondapur, Hyderabad, Telangana 500084 ",09849593473,https://www.google.com/maps/place/Velocious+Solutions+Pvt.+Ltd.+%7C+Best+Software+Company+in+Hyderabad+%7C+Top+IT+Services+Provider/data=!4m7!3m6!1s0x3bcb8e0136b3e2c3:0xa7aead925303e12c!8m2!3d17.458566!4d78.3631027!16s%2Fg%2F11gcdd37b_!19sChIJw-KzNgGOyzsRLOEDU5Ktrqc?authuser=0&hl=en&rclk=1,https://velocioussolutions.com/,"['info@velocioussolutions.in', 'vgurunath@gmail.com', 'sr@velocioussolutions.com']",https://in.linkedin.com/company/velocious-solutions
Origin Softwares,"Third Floor, Serene Heights, Humayun Nagar Rd, Royal Colony, Masab Tank, Hyderabad, Telangana 500028 ",09614085555,https://www.google.com/maps/place/Origin+Softwares/data=!4m7!3m6!1s0x3bcb9188eec14073:0xcfcf66f530883807!8m2!3d17.3948075!4d78.4454471!16s%2Fg%2F11fn25rv0p!19sChIJc0DB7oiRyzsRBziIMPVmz88?authuser=0&hl=en&rclk=1,https://originsoftwares.com/contact-us.html,"['info@originsoftwares.com', 'info@hydexpo.in']",https://in.linkedin.com/company/originsoftwares
Sonata Software Limited,"10-176, Public School 1, Begumpet Rd, Mayur Marg, Begumpet, Hyderabad, Telangana 500016 ",04066893899,https://www.google.com/maps/place/Sonata+Software+Limited/data=!4m7!3m6!1s0x3bcb90bbd0712f99:0x16992d8f14d03ac1!8m2!3d17.4419326!4d78.4585959!16s%2Fg%2F1tfnx0z8!19sChIJmS9x0LuQyzsRwTrQFI8tmRY?authuser=0&hl=en&rclk=1,https://www.sonata-software.com/,"['info@sonata-software.com', 'nandita.v@sonata-software.com', 'kundan.lal@sonata-software.com', ""first '.' last@sonata-software.com""]",https://in.linkedin.com/company/sonata-software
"Mariox Software - Top Mobile App Development Company in Hyderabad, India | Custom iOS & Android Apps Development Services","10 floor SmartPace, Suite-B 1003, The Platina, Mariox, Wing - B, above Third Wave Coffee, Gachibowli, Hyderabad, Telangana 500032 ",09599287045,"https://www.google.com/maps/place/Mariox+Software+-+Top+Mobile+App+Development+Company+in+Hyderabad,+India+%7C+Custom+iOS+%26+Android+Apps+Development+Services/data=!4m7!3m6!1s0x3bcb93047f61f329:0x6834505b974f1ca!8m2!3d17.4485497!4d78.3632021!16s%2Fg%2F11vbyp29_g!19sChIJKfNhfwSTyzsRyvF0uQVFgwY?authuser=0&hl=en&rclk=1",https://www.marioxsoftware.com/web-and-mobile-app-development-company-in-hyderabad/?utm_source=google&utm_medium=organic&utm_campaign=GMB&utm_id=GMB+Hyderabad,['info@marioxsoftware.com'],https://in.linkedin.com/company/marioxsoftwares
Enterpi Software Solutions Private Limited,"14th Floor, C5, Orbit by Auro Realty, Knowledge City Rd, Silpa Gram Craft Village, Rai Durg, Hyderabad, Telangana 500019 ",08885251753,https://www.google.com/maps/place/Enterpi+Software+Solutions+Private+Limited/data=!4m7!3m6!1s0x3bcb99d7eb258ef3:0x8d10c235d3b257a!8m2!3d17.4346003!4d78.3767367!16s%2Fg%2F1tdn73pz!19sChIJ844l69eZyzsReiU7XSMM0Qg?authuser=0&hl=en&rclk=1,https://www.enterpi.com/,"['contact@enterpi.com', 'accounts@enterpi.com']",https://in.linkedin.com/company/enterpi
GenQtech Solutions || Best Software Company in Hyderabad,"Lig -9/610 , Chitrapuri Hills , near by Kairos school , Manikonda, Hyderabad, Telangana 500089 ",08096815706,https://www.google.com/maps/place/GenQtech+Solutions+%7C%7C+Best+Software+Company+in+Hyderabad/data=!4m7!3m6!1s0x3bcb955ae726e9f9:0x49d0eb07ca516768!8m2!3d17.414272!4d78.3833314!16s%2Fg%2F11nmhkjkcb!19sChIJ-ekm51qVyzsRaGdRygfr0Ek?authuser=0&hl=en&rclk=1,Not present on google business profiles,['contact@genqtech.com'],https://in.linkedin.com/in/genqtech-solutionsinfo-a16530205
"Focus Softnet - Best ERP, CRM, HCM Solutions in Hyderabad","6-3-659, Kapadia Ln, Somajiguda, Hyderabad, Telangana 500082 ",08008403263,"https://www.google.com/maps/place/Focus+Softnet+-+Best+ERP,+CRM,+HCM+Solutions+in+Hyderabad/data=!4m7!3m6!1s0x3bcb91b700cffc2d:0x6c79bd0834b1c59a!8m2!3d17.4206789!4d78.4566299!16s%2Fg%2F1tmk6z2c!19sChIJLfzPALeRyzsRmsWxNAi9eWw?authuser=0&hl=en&rclk=1",https://www.focussoftnet.com/in/request-a-demo,['hyderabad@focussoftnet.com'],https://in.linkedin.com/company/focussoftnet
Softpal Technologies Pvt Ltd (Corporate Office),"4-1-1052, King Koti Rd, Bogulkunta, Abids, Hyderabad, Telangana 500001 ",09652168221,https://www.google.com/maps/place/Softpal+Technologies+Pvt+Ltd+%28Corporate+Office%29/data=!4m7!3m6!1s0x3bcb99d73ade1117:0xf1073f36af804bed!8m2!3d17.3908478!4d78.4802281!16s%2Fg%2F1tksltmw!19sChIJFxHeOteZyzsR7UuArzY_B_E?authuser=0&hl=en&rclk=1,http://www.softpal.com/,"['support@softpal.com', 'paresh@softpal.com', 'first@softpal.com']",https://in.linkedin.com/company/softpal
Techqflow Software Solutions,"Metro Station Ameerpet, Unit #1020 9th floor Vasavi MPM Grand, near ameerpet, Hyderabad, Telangana 500016 ",09701638423,https://www.google.com/maps/place/Techqflow+Software+Solutions/data=!4m7!3m6!1s0x3bcb91c9b56fb02d:0xb2efb6a1e51fb5d5!8m2!3d17.4342116!4d78.4449426!16s%2Fg%2F11rmnys_tz!19sChIJLbBvtcmRyzsR1bUf5aG277I?authuser=0&hl=en&rclk=1,Not present on google business profiles,"['techqflow. hr2@gmail.com', 'ssk@pal.tech', 'ANURADHATIWARI42@GMAIL.COM', 'sales@techglock.com', 'support@genetechsoftwaresolutions.com']",https://in.linkedin.com/company/techqflow
Cosmicvent Software PVT LTD,"1st Floor, Office, No:14, KLK Estate Ln, Basheer Bagh, Hyderabad, Telangana 500001 ",07702063689,https://www.google.com/maps/place/Cosmicvent+Software+PVT+LTD/data=!4m7!3m6!1s0x3bcb976c3002b29b:0xdb4cbdf4e36229df!8m2!3d17.3984432!4d78.4719215!16s%2Fg%2F1hm23mg5d!19sChIJm7ICMGyXyzsR3yli4_S9TNs?authuser=0&hl=en&rclk=1,https://cosmicvent.com/,"['info@cosmicvent.com', 'first@cosmicvent.com', 'moin@cosmicvent.com', 'support@cosmicvent.com']",https://in.linkedin.com/company/cosmicvent
Trends Software Technologies Pvt Ltd.,"# 6-3-1241/146/A Flat no 201 second floor Universal Residency MS-Maqta Raj Bhavan Road, Somajiguda, Khairtabad, Hyderabad, Telangana 500041 ",09502906209,https://www.google.com/maps/place/Trends+Software+Technologies+Pvt+Ltd./data=!4m7!3m6!1s0x3bcb99f225102d67:0x1e4cbbf0de5df627!8m2!3d17.4202718!4d78.4627934!16s%2Fg%2F11lh5nxtt7!19sChIJZy0QJfKZyzsRJ_Zd3vC7TB4?authuser=0&hl=en&rclk=1,Not present on google business profiles,"['radhakrishna4599@gmail.com', 'info@astpl.co.in', 'info@trendsofttech.com', 'mail@krca.in', 'salesinfo_dach@trendmicro.com', 'info@tftus.com']",https://in.linkedin.com/company/trendsoft-technologies-private-limited
DevRabbit,"8-2-268/R/5, Rd Number 2, Sagar Society, Sri Nagar Colony, Kamalapuri Colony, Banjara Hills, Hyderabad, Telangana 500073 ",04023551445,https://www.google.com/maps/place/DevRabbit/data=!4m7!3m6!1s0x3bcb90d45e036605:0x4e288840a637fdd!8m2!3d17.4286136!4d78.4332408!16s%2Fg%2F11c509dv11!19sChIJBWYDXtSQyzsR3X9jCoSI4gQ?authuser=0&hl=en&rclk=1,https://www.devrabbit.com/,"['info@devrabbit.com', ""first '.' last@devrabbit.com"", 'uday.tanikonda@devrabbit.com', 'name@devrabbit.com', 'Email ID: *****@devrabbit.com']",https://in.linkedin.com/company/devrabbit-it-solutions
Ahex Technologies Private Limited (Web & Mobile App Development Company),"Unit 301 & 302 , Third Floor, Magna Park View Towers, Urdu University Rd, Sri Shyam Nagar, Telecom Nagar Extension, Gachibowli, Hyderabad, Telangana 500032 ",08885564224,https://www.google.com/maps/place/Ahex+Technologies+Private+Limited+%28Web+%26+Mobile+App+Development+Company%29/data=!4m7!3m6!1s0x3bcb900ed933ff81:0xb79715aed0874331!8m2!3d17.4350719!4d78.3661153!16s%2Fg%2F1hjgx59ns!19sChIJgf8z2Q6QyzsRMUOH0K4Vl7c?authuser=0&hl=en&rclk=1,https://ahex.co/,"['sanjay.ahex@gmail.com', 'name@ahex.co', 'ahextechnologies@ahex.co.in']",https://in.linkedin.com/company/ahex-technologies
TechThrone IT Solutions Pvt Ltd,"6th floor, TOPAZ PLAZA, 611, Punjagutta, Hyderabad, Telangana 500082 ",09391169244,https://www.google.com/maps/place/TechThrone+IT+Solutions+Pvt+Ltd/data=!4m7!3m6!1s0x3bcb90cc02632cfd:0x4ce2b92b734206f!8m2!3d17.4292232!4d78.4540578!16s%2Fg%2F11c3sqvv9y!19sChIJ_SxjAsyQyzsRbyA0t5IrzgQ?authuser=0&hl=en&rclk=1,http://www.techthroneit.com/,"['vethsakumar@gmail.com', 'Hr@techthroneit.com', 'sripurnageeta@gmail.com', 'support@tofler.in', 'hr@techmonastic.com']",https://in.linkedin.com/company/techthroneit
Tagcor,"Flat # 201 & 202, 2nd Floor, Om Sai Arcade, Above: Ambica Pearls & Jewelers Snow World Road, Lower Tank Bund, Hyderabad, Telangana 500029 ",08074892157,https://www.google.com/maps/place/Tagcor/data=!4m7!3m6!1s0x3bcb99f5eb63e633:0x11b8cd520fc6b982!8m2!3d17.412334!4d78.478185!16s%2Fg%2F11mv4yxmcg!19sChIJM-Zj6_WZyzsRgrnGD1LNuBE?authuser=0&hl=en&rclk=1,https://tagcor.com/,"['support@tagcor.com', 'teamservices2000@gmail.com', 'anandkanabar44@gmail.com', 'midhatabughazaleh@gmail.com', 'nayeemkhan7079@gmail.com', 'arjunsankla4597@gmail.co', 'Clamfohyd@gmail.com', 'accesstechnology99@gmail.com', 'ruchiidsolution369@gmail.com']",https://in.linkedin.com/company/tagcor-global
Spotverge,"192/9, 18-8, A/1, Inner Ring Rd, Phisalbanda Banda, Hasnabad, Santosh Nagar, Hyderabad, Telangana 500059 ",08465950876,https://www.google.com/maps/place/Spotverge/data=!4m7!3m6!1s0x3bcb99555fb77d9b:0x6f0709f17a7b6ccb!8m2!3d17.3415485!4d78.5032178!16s%2Fg%2F11fr1qvg0h!19sChIJm323X1WZyzsRy2x7evEJB28?authuser=0&hl=en&rclk=1,https://spotverge.com/,['info@spotverge.com'],https://in.linkedin.com/company/spotverge
software company,"605A, aditya enclave building, Nilgiri Block, Kumar Basti, Ameerpet, Hyderabad, Telangana 500038 ",Not present on google business profiles,https://www.google.com/maps/place/software+company/data=!4m7!3m6!1s0x3bcb9170877a17df:0x268b35509c48c3eb!8m2!3d17.4362741!4d78.444687!16s%2Fg%2F11h2bsv6_0!19sChIJ3xd6h3CRyzsR68NInFA1iyY?authuser=0&hl=en&rclk=1,http://www.rishyaadigicorp.com/,"['INTEL npwhrindia@intel.com', 'easy to set up an @yourbusiness email', 'in.pune.careers@3dplmsoftware.com', 'IT Solutions careers_2000@its.soft.net']",https://www.linkedin.com/company/software-company
Wishtech Solutions Pvt Ltd,"New MLA Quarters, Adarsh Nagar, Hyderabad, Telangana 500020 ",07711882263,https://www.google.com/maps/place/Wishtech+Solutions+Pvt+Ltd/data=!4m7!3m6!1s0x3bcb97bd4a8c6df3:0xfdfeaa91c7442c8!8m2!3d17.404702!4d78.4730751!16s%2Fg%2F11j01n5k2l!19sChIJ822MSr2XyzsRyEJ0HKnq3w8?authuser=0&hl=en&rclk=1,Not present on google business profiles,"['info@wishtech.in', 'info@wishtechsolutions.com', 'employer@internshala.com']",https://www.linkedin.com/company/wishtech
Conquerors Software Technologies,"16, 3rd floor, Triveni building, Plot No, Silicon Valley, Madhapur, Hyderabad, Telangana 500081 ",07013196804,https://www.google.com/maps/place/Conquerors+Software+Technologies/data=!4m7!3m6!1s0x3bcb916222a8e5ad:0x585709f7625d8ba4!8m2!3d17.4516586!4d78.3855077!16s%2Fg%2F1trrbn9v!19sChIJreWoImKRyzsRpItdYvcJV1g?authuser=0&hl=en&rclk=1,https://conquerorstech.net/contact-us/,"['mike@conquerorstech.net', 'Business : info@conquerorstech.net', 'info@conquerorstech.net', 'first@conquerorstech.net', 'name@conquerorstech.net']",https://in.linkedin.com/company/conquerorssoftwaretechnologies
Evoke Technologies,"Block, 4th & 8th Floor, The V-Ascendas, Capella, Plot No 17, Software Units Layout, Madhapur, Hyderabad, Telangana 500081 ",04040500900,https://www.google.com/maps/place/Evoke+Technologies/data=!4m7!3m6!1s0x3bcb93e2a0ad55d5:0xf3daa3bcd656132c!8m2!3d17.4360994!4d78.3855401!16s%2Fg%2F1hc1x1ls7!19sChIJ1VWtoOKTyzsRLBNW1ryj2vM?authuser=0&hl=en&rclk=1,https://www.evoketechnologies.com/,"['Email: info@evoketechnologies.com', 'sales@evoketechnologies.com', 'mktg@evoketechnologies.com']",https://in.linkedin.com/company/evoke-technologies
Ideabytes Software India Pvt Ltd,"11th floor, Kapil Towers, ISB Rd, Financial District, Gachibowli, Nanakramguda, Hyderabad, Telangana 500032 ",08885835959,https://www.google.com/maps/place/Ideabytes+Software+India+Pvt+Ltd/data=!4m7!3m6!1s0x3bcb93c74c304399:0x26b1095c25469ef7!8m2!3d17.4218701!4d78.3388073!16s%2Fg%2F1tg_dhl8!19sChIJmUMwTMeTyzsR955GJVwJsSY?authuser=0&hl=en&rclk=1,http://www.ideabytes.com/,"['support@ideabytesiot.com', 'bhavani.katta@ideabytes.com', 'accounts@ideabytes.com']",https://in.linkedin.com/company/ideabytes-inc
ATHEN TECH INDIA PVT LTD,"ATHEN TECH INDIA PVT Flat 102 ,Shiva Sai Sannidhi Apartment, opp. Saibaba Temple Road, Dwarakapuri, Punjagutta, Hyderabad, Telangana 500082 ",04040179795,https://www.google.com/maps/place/ATHEN+TECH+INDIA+PVT+LTD/data=!4m7!3m6!1s0x3bcb9747fdb2eed5:0x376255842c09ccc!8m2!3d17.4249253!4d78.4504395!16s%2Fg%2F1tcyvwpz!19sChIJ1e6y_UeXyzsRzJzAQlgldgM?authuser=0&hl=en&rclk=1,http://www.athentech.co.in/,"['rk@athentech.co.in', 'first@athentech.co.in']",https://www.linkedin.com/company/athen-tech-india-pvt-ltd
Foray Software Private Limited,"VVG ELITE, Plot No 241, Block B Sy.Nos. 43, Kavuri Hills, Hyderabad, Telangana 500081 ",04048513070,https://www.google.com/maps/place/Foray+Software+Private+Limited/data=!4m7!3m6!1s0x3bcb93e02bd35ca9:0x7804c00674ebbe72!8m2!3d17.4383848!4d78.3939562!16s%2Fg%2F1ygbbbg1d!19sChIJqVzTK-CTyzsRcr7rdAbABHg?authuser=0&hl=en&rclk=1,https://www.foraysoft.com/,"[""first '.' last@foraysoft.com"", 'careers@foraysoft.com', 'name@foraysoft.com', 'vasubabu.vajja@gmail.com']",https://in.linkedin.com/company/foray-software-private-limited
Techweblabs - App Development Company,"1208, Spline Arcade, Flat no 102 1st Floor Plot no, Ayyappa Society, Hyderabad, Telangana 500081 ",07670837961,https://www.google.com/maps/place/Techweblabs+-+App+Development+Company/data=!4m7!3m6!1s0x3bcb94454480bb8d:0x6c5f7402554156fb!8m2!3d17.4463051!4d78.392513!16s%2Fg%2F11f15l9t4m!19sChIJjbuAREWUyzsR-1ZBVQJ0X2w?authuser=0&hl=en&rclk=1,https://techweblabs.com/contact/,"['info@techweblabs.com', 'support@techweblabs.com']",https://in.linkedin.com/company/anxionwebtech
Byteridge Software Private Limited,"WeWork Rajapushpa Summit, Financial District, Hyderabad, Telangana 500032 ",04067453961,https://www.google.com/maps/place/Byteridge+Software+Private+Limited/data=!4m7!3m6!1s0x3bcb93de76d0cb49:0xce3823ec0adfbc2c!8m2!3d17.4231591!4d78.3390254!16s%2Fg%2F1tf4ch4w!19sChIJScvQdt6TyzsRLLzfCuwjOM4?authuser=0&hl=en&rclk=1,http://byteridge.com/,"['info@byteridge.com', 'vinayaks@byteridge.com', 'team-hiring@byteridge.com', 'Email ID: *****@byteridge.com']",https://in.linkedin.com/company/byteridge
ABSYZ Software Consulting Pvt. Ltd.,"6th Floor, Shanta Sriram Techpark, behind PSR Prime Towers Road, DLF Cyber City, Indira Nagar, Gachibowli, Hyderabad, Telangana 500032 ",07997966174,https://www.google.com/maps/place/ABSYZ+Software+Consulting+Pvt.+Ltd./data=!4m7!3m6!1s0x3bcb93fe0387e18d:0x92bd74c2e15dc540!8m2!3d17.446816!4d78.354933!16s%2Fg%2F11b6gct4q9!19sChIJjeGHA_6TyzsRQMVd4cJ0vZI?authuser=0&hl=en&rclk=1,http://www.absyz.com/,"['marketing@absyz.com', 'aj@absyz.com', 'contact@absyz.com', 'venkata.raghavendra@absyz.com']",https://in.linkedin.com/company/absyz-ltd-
Rubies Tech Pvt Ltd,"Metro Pillar No, AxisBank Building, Prashanthi Ram Tower, H.No:8-3-319/8, Flat No- 203, C1463, Yousufguda Main Rd., Hyderabad, Telangana 500073 ",04048558256,https://www.google.com/maps/place/Rubies+Tech+Pvt+Ltd/data=!4m7!3m6!1s0x3bcb9113b5d56ea7:0xf06018533ed33fc9!8m2!3d17.4372814!4d78.4410133!16s%2Fg%2F11h7dckwk6!19sChIJp27VtRORyzsRyT_TPlMYYPA?authuser=0&hl=en&rclk=1,http://rubiestech.com/,"['sureshkumardasari@gmail.com', 'school@rubiestech.org', 'hr@rubiestech.com']",https://in.linkedin.com/company/rubiestech
MNR Software Solutions Pvt Ltd.,"3-11, opp. Kamineni Hospital, near Narayana School, Sivaganga Colony, L. B. Nagar, Hyderabad, Telangana 500074 ",Not present on google business profiles,https://www.google.com/maps/place/MNR+Software+Solutions+Pvt+Ltd./data=!4m7!3m6!1s0x3bcb9937e2dd56b1:0x5039fcf407f68c7!8m2!3d17.3550587!4d78.5547948!16s%2Fg%2F11h4ycrn_l!19sChIJsVbd4jeZyzsRx2h_QM-fAwU?authuser=0&hl=en&rclk=1,Not present on google business profiles,"['piyush.mittal@mnrsolutions.in', 'connect@mnrsolutions.in', 'first@mnrsolutions.in', 'nagarajkng99@gmail.com', 'y***@mnrsolutions.in']",https://in.linkedin.com/company/mnr-solutions-pvt-ltd
Accellor Software Pvt. Ltd.,"Suite 701, Shangrila Plaza, Road No. 2, Banjara Hills, Hyderabad, Telangana 500034 ",Not present on google business profiles,https://www.google.com/maps/place/Accellor+Software+Pvt.+Ltd./data=!4m7!3m6!1s0x3bcb913208e013f1:0xc6a06c99af897467!8m2!3d17.4255639!4d78.4201227!16s%2Fg%2F1ty72qvb!19sChIJ8RPgCDKRyzsRZ3SJr5lsoMY?authuser=0&hl=en&rclk=1,http://www.accellor.com/,"['jrrao@accellor.com', 'accelortech@gmail.com']",https://in.linkedin.com/company/accellor
Devathon (Crypsis Technologies Pvt. Ltd.),"257/A, Rd No 14, Prashasan Nagar, Jubilee Hills, Hyderabad, Telangana 500110 ",08070780101,https://www.google.com/maps/place/Devathon+%28Crypsis+Technologies+Pvt.+Ltd.%29/data=!4m7!3m6!1s0x3bcb96b3c7327657:0x646a67dfe07882a3!8m2!3d17.4184985!4d78.3995812!16s%2Fg%2F11b6nhgk47!19sChIJV3Yyx7OWyzsRo4J44N9namQ?authuser=0&hl=en&rclk=1,https://devathon.com/contact/,['hello@devathon.com'],https://in.linkedin.com/company/devathon
Achala IT Solutions Pvt.Ltd,"Plot No: 342, 3rd Floor, 343, Rd No 7, Kakatiya Hills, Guttala_Begumpet, Kavuri Hills, Jubilee Hills, Hyderabad, Telangana 500081 ",09030015535,https://www.google.com/maps/place/Achala+IT+Solutions+Pvt.Ltd/data=!4m7!3m6!1s0x3bcb91f482a59235:0x809a5c43f39a0b3e!8m2!3d17.4433954!4d78.3983548!16s%2Fg%2F11qt3ytb8m!19sChIJNZKlgvSRyzsRPgua80NcmoA?authuser=0&hl=en&rclk=1,https://www.achalasolutions.com/,"['info@achalasolutions.com', 'Email: info@achalasolutions.com', ""first '.' last@achalasolutions.com"", 'rajesh@achalasolutions.com']",https://in.linkedin.com/company/achala-solutions
Helical IT Solutions Pvt Ltd - Big Data Analytics Services,"Oasis Centre, 6-3-1112/HC/12 5th Floor, Oyster, Raj Bhavan Rd, Somajiguda, Hyderabad, Telangana 500082 ",07893947676,https://www.google.com/maps/place/Helical+IT+Solutions+Pvt+Ltd+-+Big+Data+Analytics+Services/data=!4m7!3m6!1s0x3bcb90a51e05cd73:0xd44798f0c06e35bf!8m2!3d17.4302808!4d78.4564997!16s%2Fg%2F11ckqr7qfx!19sChIJc80FHqWQyzsRvzVuwPCYR9Q?authuser=0&hl=en&rclk=1,https://www.helicaltech.com/,"['careers@helicaltech.com', 'nitin@helicaltech.com', 'nikhilesh@helicaltech.com', 'Email ID: *****@helicaltech.com']",https://in.linkedin.com/company/helicaltech
C2N IT SERVICES PVT. LTD.,"2nd floor, SVS Sowdha, Plot : 810, Jai Hind Gandhi Rd, near YSR Statue, SBH Officers Colony, Mega Hills, Madhapur, Hyderabad, Telangana 500081 ",04040062299,https://www.google.com/maps/place/C2N+IT+SERVICES+PVT.+LTD./data=!4m7!3m6!1s0x3bcb91669066dc39:0xe17758ebaa0864bd!8m2!3d17.4506184!4d78.3918876!16s%2Fg%2F11c5b12gz1!19sChIJOdxmkGaRyzsRvWQIqutYd-E?authuser=0&hl=en&rclk=1,https://www.c2n.in/contact-us/,"['info@c2n.in', 'info@C2N.com', 'name@c2n.nl', 'accueil@c2n.upsaclay.fr']",https://in.linkedin.com/company/c2n-it-services-pvt-ltd
XEBIA CMIT SOFTWARE SERVICES PRIVATE LIMITED,"5th Floor, Galaxy by Auro Realty Forming part of Sy No 83/1, Hyderabad Knowledge City TSIIC Raidurg, Panmaktha, Plot No 1, Road, Hyderabad, Telangana 500081 ",04045454757,https://www.google.com/maps/place/XEBIA+CMIT+SOFTWARE+SERVICES+PRIVATE+LIMITED/data=!4m7!3m6!1s0x3bcb93df750a5cef:0x87b9c5425b2f658!8m2!3d17.4368148!4d78.3756317!16s%2Fg%2F1hm5m9zx8!19sChIJ71wKdd-TyzsRWPayJVScewg?authuser=0&hl=en&rclk=1,https://www.comakeit.com/contact-us/,"['enquiry@comakeit.co.in', 'name@comakeit.com', 'raju.s@comakeit.com', 'info@comakeit.com', ""first '.' last_initial@comakeit.com"", 'Info@comakeit.co.in']",https://in.linkedin.com/in/info-comakeit-5273651a4
"Dot Solutions Lab - Software Development, Mobile App Development, Game Development Company in Hyderabad, Digital Marketing","Tolichowki 8-1-523/302/1, 2nd Floor, C2, Steller Frontier Complex, beside Reliance SMART Superstore, Hyderabad, Telangana 500008 ",07032234521,"https://www.google.com/maps/place/Dot+Solutions+Lab+-+Software+Development,+Mobile+App+Development,+Game+Development+Company+in+Hyderabad,+Digital+Marketing/data=!4m7!3m6!1s0x3bcb96e9b59fe8e9:0x7d44a07b20a24427!8m2!3d17.4043503!4d78.4078667!16s%2Fg%2F11g6wcv29q!19sChIJ6eiftemWyzsRJ0SiIHugRH0?authuser=0&hl=en&rclk=1",http://dslab.in/beta,[],https://in.linkedin.com/company/dotsolutionslab
ALTOKK Software Solutions Private Limited,"3rd floor, Gowra Palladium, Silpa Gram Craft Village, HITEC City, Hyderabad, Telangana 500081 ",07207789877,https://www.google.com/maps/place/ALTOKK+Software+Solutions+Private+Limited/data=!4m7!3m6!1s0x3bcb937e6028ce35:0x6f57965c36746961!8m2!3d17.4314847!4d78.3821171!16s%2Fg%2F11hz6tnq1x!19sChIJNc4oYH6TyzsRYWl0NlyWV28?authuser=0&hl=en&rclk=1,http://www.altokk.com/,"['chandramoulikotla@altokk.com', 'kotlaroshanraj@gmail.com']",https://in.linkedin.com/company/altokk
Arcesium India Private Limited ఆర్కేసియమ్ ఇండియా ప్రైవేట్ లిమిటెడ్,"12c, Floor No. 13 Cyberabad,(Part M/s. Sundew Properties Ltd., IT/ITES SEZ at Madhapur Village, 64, Mindspace Madhapur Rd, Hyderabad, Telangana 500081 ",04046390000,https://www.google.com/maps/place/Arcesium+India+Private+Limited+%E0%B0%86%E0%B0%B0%E0%B1%8D%E0%B0%95%E0%B1%87%E0%B0%B8%E0%B0%BF%E0%B0%AF%E0%B0%AE%E0%B1%8D+%E0%B0%87%E0%B0%82%E0%B0%A1%E0%B0%BF%E0%B0%AF%E0%B0%BE+%E0%B0%AA%E0%B1%8D%E0%B0%B0%E0%B1%88%E0%B0%B5%E0%B1%87%E0%B0%9F%E0%B1%8D+%E0%B0%B2%E0%B0%BF%E0%B0%AE%E0%B0%BF%E0%B0%9F%E0%B1%86%E0%B0%A1%E0%B1%8D/data=!4m7!3m6!1s0x3bcb91588d57ddcd:0x75bd8a8c0c6516f5!8m2!3d17.4374505!4d78.3854737!16s%2Fg%2F11bzs05rsy!19sChIJzd1XjViRyzsR9RZlDIyKvXU?authuser=0&hl=en&rclk=1,http://arcesium.com/,"['accounts-hyd@arcesium.com', 'name@arcesium.com']",https://www.linkedin.com/company/arcesium
W3SOFTECH INDIA PRIVATE LIMITED,"7c, vaishnavi's cynosure, P Janardhan Reddy Nagar, Gachibowli, Hyderabad, Telangana 500032 ",04029802628,https://www.google.com/maps/place/W3SOFTECH+INDIA+PRIVATE+LIMITED/data=!4m7!3m6!1s0x3bcb93ec20a13e25:0xd7091bf538e288d0!8m2!3d17.4368248!4d78.3670026!16s%2Fg%2F11bwp2kgpt!19sChIJJT6hIOyTyzsR0IjiOPUbCdc?authuser=0&hl=en&rclk=1,https://w3softech.com/,"['info@w3softech.com', 'bdm2@w3softech.com', 'soumya@w3softech.com', 'Email: bdm2@w3softech.com', 'dayakar.singam@gmail.com']",https://in.linkedin.com/company/w3softech-india-private-limited
Techoya Software Technologies Pvt Ltd,"Flat #402, PM &BS Square Building, Plot No. 469, Ravindra Scociety, Kakatiya Hills, Kavuri Hills Phase 3, Kavuri Hills, Madhapur, Hyderabad, Telangana 500081 ",04048586567,https://www.google.com/maps/place/Techoya+Software+Technologies+Pvt+Ltd/data=!4m7!3m6!1s0x3bcb911681769bfb:0x9d6af001940e1eb9!8m2!3d17.443126!4d78.3967468!16s%2Fg%2F11h0z0c99q!19sChIJ-5t2gRaRyzsRuR4OlAHwap0?authuser=0&hl=en&rclk=1,http://tstecnoservice.com/,"['techoya.tst@gmail.com', 'ksrccpl@gmail.com', 'Email: *****@gmail.com']",https://my.linkedin.com/company/techoya-software-technologies-private-limited?trk=ppro_cprof
IBaseIT: Product Engineering & Quality Assurance Services,"Plot No:76 & 76A, Jubilee Enclave, Madhapur, Hyderabad, Telangana 500081 ",04068156789,https://www.google.com/maps/place/IBaseIT:+Product+Engineering+%26+Quality+Assurance+Services/data=!4m7!3m6!1s0x3bcb912c247e78ed:0xc5ef27d3375fd65e!8m2!3d17.4557812!4d78.3761375!16s%2Fg%2F1tf6vtfv!19sChIJ7Xh-JCyRyzsRXtZfN9Mn78U?authuser=0&hl=en&rclk=1,https://ibaseit.com/contactus,[],https://www.ibaseit.com/
Symphony Software Pvt. Ltd,"404, 4th Floor, PSR Prime Tower, Sy No: 126(P), Gachibowli, beside DLF CyberCity Hyderabad, Hyderabad, Telangana 500032 ",04066495544,https://www.google.com/maps/place/Symphony+Software+Pvt.+Ltd/data=!4m7!3m6!1s0x3bcb974b7fe7d939:0x64025ee2bb624b31!8m2!3d17.44717!4d78.3537179!16s%2Fg%2F1v76y2m6!19sChIJOdnnf0uXyzsRMUtiu-JeAmQ?authuser=0&hl=en&rclk=1,http://www.symphonycorp.com/,"['p.vasanth16@gmail.com', 'aao@symphony.cc', 'info@symphony-solutions.com', 'name@symphonycorp.com']",https://www.linkedin.com/company/symphony-software-web
CEIPAL Software Pvt. Ltd,"1st Floor, iLabs Centre, Oval Building, Inorbit Mall Rd, Software Units Layout, Silpa Gram Craft Village, HITEC City, Hyderabad, Telangana 500081 ",04043515100,https://www.google.com/maps/place/CEIPAL+Software+Pvt.+Ltd/data=!4m7!3m6!1s0x3bcb96d0f9b37b4d:0x7a7352694b465284!8m2!3d17.4329204!4d78.3877792!16s%2Fg%2F11bz0km498!19sChIJTXuz-dCWyzsRhFJGS2lSc3o?authuser=0&hl=en&rclk=1,http://www.ceipal.com/,"['contact@ceipal.com', 'sairam.m@ceipal.com', 'marketing@ceipal.com']",https://in.linkedin.com/company/ceipal
Hilton Software,"17, 2a 8-3-191, above indian bank, Mothi Nagar, Vengal Rao Nagar, Ameerpet, Hyderabad, Telangana 500038 ",07993606894,https://www.google.com/maps/place/Hilton+Software/data=!4m7!3m6!1s0x3bcb911e788d42df:0xeb7d99859ef3bbc!8m2!3d17.4411795!4d78.4416204!16s%2Fg%2F11hdb8s_t2!19sChIJ30KNeB6RyzsRvDvvWZjZtw4?authuser=0&hl=en&rclk=1,https://hiltonglobal.in/,"['info@hiltonglobal.in', 'sambasiva@hiltonglobal.in', 'info@hiltonglobalassociates.com', 'ir@hilton.com']",https://in.linkedin.com/company/hilton-global
Datadot Software Solution,"109 & 111, First Floor, White House, Block - II, Kundanbagh Colony, Begumpet, Hyderabad, Telangana 500016 ",07659826957,https://www.google.com/maps/place/Datadot+Software+Solution/data=!4m7!3m6!1s0x3bcb90cf666bac07:0xe98c3b9d6ec0128e!8m2!3d17.435867!4d78.4564115!16s%2Fg%2F11b5ynxlyq!19sChIJB6xrZs-QyzsRjhLAbp07jOk?authuser=0&hl=en&rclk=1,http://www.datadotlabs.com/,"['dprasadapec@gmail.com', 'first@datadotlabs.com', 'vijay@italiaandassociates.com', 'name@datadotlabs.com', 'info@datadotlabs.com']",https://in.linkedin.com/company/datadotsoftwaresolution
Allvy Software Solutions Pvt.Ltd.,"Vaishnavi Cymbol, 2B, adjacent to Pride Honda Service Center, Financial District, Hyderabad, Nanakramguda, Telangana 500032 ",04023004793,https://www.google.com/maps/place/Allvy+Software+Solutions+Pvt.Ltd./data=!4m7!3m6!1s0x3bcb96c963b91e67:0xd3c2937714ad0891!8m2!3d17.4087275!4d78.3531762!16s%2Fg%2F11bt_hh0z0!19sChIJZx65Y8mWyzsRkQitFHeTwtM?authuser=0&hl=en&rclk=1,http://www.allvy.com/,"['Email: info@allvy.com', 'accounts@allvy.com', 'compliance@allvy.com', 'info@allvy.com', 'b@allvy.com']",https://in.linkedin.com/company/allvy-software-solutions-private-limited
Ariscent Software Solutions,"#467,Gowri Shankar Nilayam, Ayyappa Society, Madhapur, Telangana 500081 ",08341262128,https://www.google.com/maps/place/Ariscent+Software+Solutions/data=!4m7!3m6!1s0x3bcb916420eba371:0x734aa5aaff2e72c6!8m2!3d17.4526044!4d78.3902297!16s%2Fg%2F11c20qf275!19sChIJcaPrIGSRyzsRxnIu_6qlSnM?authuser=0&hl=en&rclk=1,http://ariscentsoft.com/,"['works@ariscentsoft.com', 'Email: *****@gmail.com', 'ravismeaning@gmail.com', 'hareeshgroups@gmail.com', 'aim.dharmendra@gmail.com']",https://in.linkedin.com/company/best-web-designing-company-in-hyderabad
Aveva,"Tower -1, 2nd Floor, WaveRock Sy.no 115 APIIC IT/ITES SEZ Nanakramguda, Gachibowli, Hyderabad, Telangana 500008 ",04030882700,https://www.google.com/maps/place/Aveva/data=!4m7!3m6!1s0x3bcb9478ef79f0e5:0xd4c5ad3e617a0dfb!8m2!3d17.417671!4d78.3463329!16s%2Fg%2F11clwhhw22!19sChIJ5fB573iUyzsR-w16YT6txdQ?authuser=0&hl=en&rclk=1,http://aveva.com/,"['Sales Email: Feedback@AVEVA.com', 'financeservices.india@aveva.com', 'AVEVATraining@aveva.com', 'dataprotection@AVEVA.com']",https://in.linkedin.com/company/aveva
Microden,"1-90/7B/53, Plot No 53 3rd Floor Blossoms Height, Patrika Nagar Madhapur, Patrika Nagar, HITEC City, Hyderabad, Telangana 500081 ",09133009933,https://www.google.com/maps/place/Microden/data=!4m7!3m6!1s0x3bcb90c588095555:0x57a4e566bccad750!8m2!3d17.4470109!4d78.3812827!16s%2Fg%2F11j251ldj7!19sChIJVVUJiMWQyzsRUNfKvGblpFc?authuser=0&hl=en&rclk=1,https://www.microdensoftware.com/,"['info@microdensoftware.com', 'microdensoftware@gmail.com', 'hr@microdensoftware.com']",https://www.linkedin.com/company/microden-software
Suvidha Software Solutions,"SUVIDHA ENCLAVE H.NO: 1-90/B/C/5, 3rd Floor, Opposite Milange Tower HUDA Techno Enclave Road, Vittal Rao Nagar, Madhapur, HITEC City, Hyderabad, Telangana 500081 ",09492200123,https://www.google.com/maps/place/Suvidha+Software+Solutions/data=!4m7!3m6!1s0x3bcb993b68de3277:0xb3b9def50b38401e!8m2!3d17.4443723!4d78.3838949!16s%2Fg%2F11fmzs_lbm!19sChIJdzLeaDuZyzsRHkA4C_XeubM?authuser=0&hl=en&rclk=1,https://www.suvidhasoft.com/,"['info@suvidhasoft.com', 'hrm@suvidhasoft.com', 'Email: nikhil@gmail.com']",https://in.linkedin.com/company/suvidhasoft
Sunseaz Technologies,"30,Survey No,72,73, NK Towers, Flat No 101,Plot No, near Capital Park Road, Madhapur, Hyderabad, Telangana 500081 ",04035905885,https://www.google.com/maps/place/Sunseaz+Technologies/data=!4m7!3m6!1s0x3bcb9962cf100025:0x3be7318a7ecb9da9!8m2!3d17.448788!4d78.3871774!16s%2Fg%2F11fzf5gwpc!19sChIJJQAQz2KZyzsRqZ3Lfoox5zs?authuser=0&hl=en&rclk=1,http://sunseaz.com/,"['hr@sunseaz.com', 'info@sunseaz.com', 'ambati.1585@gmail.com']",https://in.linkedin.com/company/sunseaz-technologies
Analogue IT Solutions - App development company,"Jaya Vijaya Plaza, 64, Vittal Rao Nagar, Hyderabad, Telangana 500081 ",08919088163,https://www.google.com/maps/place/Analogue+IT+Solutions+-+App+development+company/data=!4m7!3m6!1s0x3bcb916ec5b747c3:0x30b57901255001ee!8m2!3d17.4445761!4d78.3843903!16s%2Fg%2F11j4rvsjn3!19sChIJw0e3xW6RyzsR7gFQJQF5tTA?authuser=0&hl=en&rclk=1,https://analogueitsolutions.com/?utm_source=GMB&utm_medium=Organic+posts&utm_campaign=Organic+GMB+Promotions,"['info@analogueitsolutions.com', 'analogittech@gmail.com', 'sipu.kumar88@gmail.com']",https://in.linkedin.com/company/analogueitsolutions
Syoft- Software Development Company,"1st Floor, Plot No: 25, 16, Jayabheri Enclave, Gachibowli, Hyderabad, Telangana 500032 ",09030819534,https://www.google.com/maps/place/Syoft-+Software+Development+Company/data=!4m7!3m6!1s0x3bcb93449c833ea7:0xf0e14449dc41a2dd!8m2!3d17.449979!4d78.3631266!16s%2Fg%2F11rtn_53_t!19sChIJpz6DnESTyzsR3aJB3ElE4fA?authuser=0&hl=en&rclk=1,http://www.syoft.com/,['info@syoft.com'],https://in.linkedin.com/company/syoftofficial
Zessta Software Services,"6th Floor, Block A, CYBER GATEWAY, Wing 1, HITEC City, Hyderabad, Telangana 500081 ",04048589855,https://www.google.com/maps/place/Zessta+Software+Services/data=!4m7!3m6!1s0x3bcb91658a9b811d:0x1696ad04b60f9239!8m2!3d17.4467126!4d78.3767566!16s%2Fg%2F11cktfb3gb!19sChIJHYGbimWRyzsROZIPtgStlhY?authuser=0&hl=en&rclk=1,https://www.zessta.com/contact.html,"['contact@zessta.com', 'sales@zessta.com', 'sai@zessta.com', 'first@zessta.com']",https://in.linkedin.com/company/zessta
Tera Software Limited.,"Shop No-8-2-293/82/A, 1107, Road Number 55, CBI Colony, Jubilee Hills, Hyderabad, Telangana 500033 ",04023547447,https://www.google.com/maps/place/Tera+Software+Limited./data=!4m7!3m6!1s0x3bcb9149e5e16b7f:0xd8218747eb30ebe1!8m2!3d17.4301998!4d78.4063423!16s%2Fg%2F1hc4nvh19!19sChIJf2vh5UmRyzsR4esw60eHIdg?authuser=0&hl=en&rclk=1,http://www.terasoftware.com/,"['hr@terasoftware.com', 'babureddy@terasoftware.in', 'companysecretary@terasoftware.in', 'info@terasoftware.in', 'marketing@terasoftware.com', 'first@terasoftware.com']",https://in.linkedin.com/company/tera-software-limited
Planon Software Services Pvt Ltd.,"5th Floor, Galaxy by Auro Realty Forming part of Sy No 83/1, Hyderabad Knowledge City TSIIC Raidurg, Panmaktha, Plot No 1, Road, Hyderabad, Telangana 500081 ",Not present on google business profiles,https://www.google.com/maps/place/Planon+Software+Services+Pvt+Ltd./data=!4m7!3m6!1s0x3bcb96d0ee39c377:0x995b385729fa9fe2!8m2!3d17.4364074!4d78.3760447!16s%2Fg%2F11g65g05vw!19sChIJd8M57tCWyzsR4p_6KVc4W5k?authuser=0&hl=en&rclk=1,https://planonsoftware.com/,"['Mirte.vanLieshout@planonsoftware.com', 'marketing@planonsoftware.com', 'name@planonsoftware.com', 'First.Last@planonsoftware.com']",https://in.linkedin.com/company/planon
MWebWare Software Services Pvt Ltd,"H.No. 1, 98/7/42, VIP Hills, Jaihind Enclave, Madhapur, Hyderabad, Telangana 500081 ",04029705578,https://www.google.com/maps/place/MWebWare+Software+Services+Pvt+Ltd/data=!4m7!3m6!1s0x3bcb93ee12943111:0x77e7f1a5b4e72847!8m2!3d17.4482714!4d78.3882692!16s%2Fg%2F1xg5r3q8!19sChIJETGUEu6TyzsRRyjntKXx53c?authuser=0&hl=en&rclk=1,https://www.mwebware.com/,"['info@mwebware.com', 'kiranmai@mwebware.com', 'sri@mwebware.com', 'jobs@mwebware.com', 'Email: *****@mwebware.com']",https://in.linkedin.com/company/mwebware
ProductSpace Software India Pvt. Ltd.,"4th floor, 71, Jubilee Enclave, HITEC City, Hyderabad, Telangana 500081 ",08977943446,https://www.google.com/maps/place/ProductSpace+Software+India+Pvt.+Ltd./data=!4m7!3m6!1s0x3bcb93da8c1e7057:0xfd643540a5945e36!8m2!3d17.4553758!4d78.3752652!16s%2Fg%2F11pv2bh1lz!19sChIJV3AejNqTyzsRNl6UpUA1ZP0?authuser=0&hl=en&rclk=1,https://www.productspace.in/,"['Email: national@productspace.org', 'info@productspace.co.in', 'sales@productspace.com', 'sreddy@productspace.com']",https://in.linkedin.com/company/theproductspace
Iyeva Software Solutions Pvt Ltd,"4th Floor, Monarch Towers, Road no.36,Jubliee Hills Near Madhapur Metro station, Punjab National Bank Building, Hyderabad, Telangana 500033 ",Not present on google business profiles,https://www.google.com/maps/place/Iyeva+Software+Solutions+Pvt+Ltd/data=!4m7!3m6!1s0x3bcb91c05767e2fb:0xf9d9bfa9da488f59!8m2!3d17.4352836!4d78.4021064!16s%2Fg%2F11qxtprjk1!19sChIJ--JnV8CRyzsRWY9I2qm_2fk?authuser=0&hl=en&rclk=1,https://iyevasoft.com/,"['talankisandeep@gmail.com', 'Email, *****kisandeep@gmail.com']",https://in.linkedin.com/company/iyeva
Mind Space IT Park,"Mindspace Madhapur Rd, HUDA Techno Enclave, HITEC City, Hyderabad, Telangana 500081 ",06206569572,https://www.google.com/maps/place/Mind+Space+IT+Park/data=!4m7!3m6!1s0x3bcb93e0c3619651:0x9965cd1406455a0f!8m2!3d17.4409893!4d78.3778951!16s%2Fm%2F0hzrlsj!19sChIJUZZhw-CTyzsRD1pFBhTNZZk?authuser=0&hl=en&rclk=1,https://www.mindspaceindia.com/madhapur/,['sales@mindspaceindia.com'],https://in.linkedin.com/company/mindspace-business-parks
ToggleNow Software Solutions Pvt Ltd. - SAP Partner Company,"49, Capital Pk Rd, Cyber Hills Colony, VIP Hills, Silicon Valley, Madhapur, Hyderabad, Telangana 500081 ",04035103035,https://www.google.com/maps/place/ToggleNow+Software+Solutions+Pvt+Ltd.+-+SAP+Partner+Company/data=!4m7!3m6!1s0x3bcb9161a2bbc9fb:0xeef120524f328c1a!8m2!3d17.4497638!4d78.3864498!16s%2Fg%2F11c526jyc8!19sChIJ-8m7omGRyzsRGowyT1Ig8e4?authuser=0&hl=en&rclk=1,https://togglenow.com/,"['info@togglenow.com', 'first@togglenow.com', 'raghu@togglenow.com', 'name@togglenow.com']",https://in.linkedin.com/company/togglenow
Dizi Solutions | Web Design & Development | Website Design Hyderabad,"3-6-368/1, Janapriya Colony, Trimurti Colony, Shivapuri Colony, L. B. Nagar, Hyderabad, Telangana 500074 ",08374419650,https://www.google.com/maps/place/Dizi+Solutions+%7C+Web+Design+%26+Development+%7C+Website+Design+Hyderabad/data=!4m7!3m6!1s0x3bcb99f0923e62fb:0x94bbf9e61d07d9fd!8m2!3d17.3497231!4d78.542976!16s%2Fg%2F11qqktyljv!19sChIJ-2I-kvCZyzsR_dkHHeb5u5Q?authuser=0&hl=en&rclk=1,https://wa.link/atqq5c,"['info@diziglobalsolution.com', 'dizisolutionshyd@gmail.com', 'info@dizisolutions.com']",https://in.linkedin.com/company/dizi-solutions-software
Kenexoft Technologies Pvt. Ltd.,"91 Springboard, LVS Arcade, Jubilee Enclave, HITEC City, Hyderabad, Telangana 500081 ",07981516763,https://www.google.com/maps/place/Kenexoft+Technologies+Pvt.+Ltd./data=!4m7!3m6!1s0x3bcb910f3cb50d69:0x6a88c6f29cd2708f!8m2!3d17.4554923!4d78.3752011!16s%2Fg%2F11h18zt1r3!19sChIJaQ21PA-RyzsRj3DSnPLGiGo?authuser=0&hl=en&rclk=1,http://kenexoft.com/,"['kenexoft@gmail.com', 'siritaxes@gmail.com']",https://in.linkedin.com/company/kenexoft-technologies
C360 Software,"Plot No 5, Survey No 62, 2nd Floor, Inorbit Mall Rd, HITEC City, Telangana 500081 ",09154927351,https://www.google.com/maps/place/C360+Software/data=!4m7!3m6!1s0x3bcb91b296bfe6dd:0xc518791caea653c1!8m2!3d17.4346733!4d78.3879852!16s%2Fg%2F11rgv10x4k!19sChIJ3ea_lrKRyzsRwVOmrhx5GMU?authuser=0&hl=en&rclk=1,https://c360soft.ai/,"['name@c360soft.ai', 'Email address: v***@c360soft.ai']",https://in.linkedin.com/company/c360-soft
Anagha Softech Pvt Ltd,"H.No: 8, Mastan Mansion, 2-608/27, Road No. 10, Gaffar Khan Colony, Banjara Hills, Hyderabad, Telangana 500034 ",04023386511,https://www.google.com/maps/place/Anagha+Softech+Pvt+Ltd/data=!4m7!3m6!1s0x3bcb97305e075e43:0xd648971daac12753!8m2!3d17.4153713!4d78.4435516!16s%2Fg%2F11xtgwfnd!19sChIJQ14HXjCXyzsRUyfBqh2XSNY?authuser=0&hl=en&rclk=1,Not present on google business profiles,"['somesh.k@anaghasoftech.com', 'amargca@gmail.com', 'xxxx@anaghasoftech.com', 'Email: *****@anaghasoftech.com']",https://in.linkedin.com/company/anaghasoftech
"Entirety Technologies Inc. Hyderabad, India","6-3-252/2 , Sri Ram Nest , Mega City, Irram Manzil Colony, Banjara Hills, Hyderabad, Telangana 500082 ",09700908057,"https://www.google.com/maps/place/Entirety+Technologies+Inc.+Hyderabad,+India/data=!4m7!3m6!1s0x3bcb97c899ff2c1f:0x758923dfd901be02!8m2!3d17.4169553!4d78.4506602!16s%2Fg%2F11gnq99pp3!19sChIJHyz_mciXyzsRAr4B2d8jiXU?authuser=0&hl=en&rclk=1",http://www.entiretytec.com/,"['info@entiretytec.com', 'karanjhurani1@gmail.com']",https://www.linkedin.com/company/entiretytec
Avtrix Software Solutions,"Metro Station Uppal, Narayana Complex 5th Floor , Survey No: 648, L.B.Nagar Road, 500039, beside Uppal, Uppal, Hyderabad, Telangana 500039 ",09492114949,https://www.google.com/maps/place/Avtrix+Software+Solutions/data=!4m7!3m6!1s0x3bcb990dcd307d51:0xfefe95457de3be33!8m2!3d17.3993745!4d78.5605502!16s%2Fg%2F11ncc177v_!19sChIJUX0wzQ2ZyzsRM77jfUWV_v4?authuser=0&hl=en&rclk=1,https://www.avtrixs.com/,"['info@avtrixs.com', 'Info@avtrixs.com', 'email-Joinus@avtrixs.com', 'name@avtrixs.com']",https://in.linkedin.com/company/avtrix-software-solutions
Preciso Software Technologies,"1D, First Floor, Yeturu Towers, Veer Nagar, Lakdikapul, Hyderabad, Telangana 500004 ",09849131132,https://www.google.com/maps/place/Preciso+Software+Technologies/data=!4m7!3m6!1s0x3bcb975c49e8fc1f:0x698e9d89f20063d4!8m2!3d17.4044385!4d78.4594116!16s%2Fg%2F11k_pbjqyq!19sChIJH_zoSVyXyzsR1GMA8omdjmk?authuser=0&hl=en&rclk=1,https://precisosoftware.com/,"['info@Precisosoftware.com', 'Info@precisosoftware.com', 'Email ID: *****@precisosoftware.com']",https://www.linkedin.com/posts/preciso-software-technologies-5aa40a273_preciso-software-technologies-is-a-software-activity-7054521853763063808-eDko
Millennium Technosoft Pvt Limited,"Fortune Chambers, 201, Capital Pk Rd, VIP Hills, Silicon Valley, Madhapur, Hyderabad, Telangana 500081 ",09000921710,https://www.google.com/maps/place/Millennium+Technosoft+Pvt+Limited/data=!4m7!3m6!1s0x3bcb9161f2f97fc5:0x6e1c2d14bafd815c!8m2!3d17.4506396!4d78.3855114!16s%2Fg%2F11c42hvvhy!19sChIJxX_58mGRyzsRXIH9uhQtHG4?authuser=0&hl=en&rclk=1,http://www.mtslindia.com/,"['info@mtslindia.com', 'hem@mtslindia.com', 'first@mtslindia.com']",https://in.linkedin.com/company/millennium-technosoft-ltd
Option Matrix InfoTech,"Awfis) C Block, 7th Floor, Option Matrix InfoTech, Laxmi Cyber City, Whitefields, Kondapur, Hyderabad, Telangana 500081 ",Not present on google business profiles,https://www.google.com/maps/place/Option+Matrix+InfoTech/data=!4m7!3m6!1s0x3bcb9723597b76f3:0xc5846e444b726da0!8m2!3d17.4563382!4d78.3677347!16s%2Fg%2F1td2fc1s!19sChIJ83Z7WSOXyzsRoG1yS0RuhMU?authuser=0&hl=en&rclk=1,http://www.optionmatrix.com/,"['contact@optionmatrix.com', 'first@optionmatrix.com', 'shankar@akasamconsulting.com', 'name@optionmatrix.com']",https://in.linkedin.com/company/option-matrix-infotech-pvt-ltd.
Daxinsoft Technologies Pvt. Ltd,"B, Plot, No 51, 8-2-584/1, Rd Number 9, Vimal Nagar, Zahara Nagar, Banjara Hills, Hyderabad, Telangana 500034 ",04069069880,https://www.google.com/maps/place/Daxinsoft+Technologies+Pvt.+Ltd/data=!4m7!3m6!1s0x3bcb99c670316e63:0x6afea4b280478561!8m2!3d17.417243!4d78.44291!16s%2Fg%2F1thqf6ld!19sChIJY24xcMaZyzsRYYVHgLKk_mo?authuser=0&hl=en&rclk=1,https://www.daxinsoft.com/,"['mazhar.motarwala@gmail.com', 'info@daxinsoft.com', 'accounts@daxinsoft.com', 'nrkvnkumar@yahoo.com']",https://www.linkedin.com/company/daxsoftware
Vestrics Solutions Pvt Ltd - GROW with SAP I Cloud ERP I S/4HANA Public Cloud I SAP Business One I ENSPIRE HR,"1st Floor, PJ Reddy Pearl, Rd Number 39, CBI Colony, Jubilee Hills, Hyderabad, Telangana 500033 ",09676546655,https://www.google.com/maps/place/Vestrics+Solutions+Pvt+Ltd+-+GROW+with+SAP+I+Cloud+ERP+I+S%2F4HANA+Public+Cloud+I+SAP+Business+One+I+ENSPIRE+HR/data=!4m7!3m6!1s0x3bcb9141001b8073:0x287a6608635791c2!8m2!3d17.433925!4d78.399953!16s%2Fg%2F11b6nr1w_d!19sChIJc4AbAEGRyzsRwpFXYwhmeig?authuser=0&hl=en&rclk=1,https://www.vestrics.in/contact-us/,"['sales@vestrics.in', 'hr@vestrics.in', 'Email:info@example.com']",https://in.linkedin.com/company/vestrics-solutions-pvt-ltd
ExperienceFlow Software Technologies Pvt. Ltd.,"56, 5th Floor, Harsha Chambers, H-No: 1-101/B, behind Big C, Madhapur, Telangana 500081 ",04040207893,https://www.google.com/maps/place/ExperienceFlow+Software+Technologies+Pvt.+Ltd./data=!4m7!3m6!1s0x3bcb915c3ae8aa27:0xd205f65a30eb57ee!8m2!3d17.4420693!4d78.390729!16s%2Fg%2F11b6ghty9_!19sChIJJ6roOlyRyzsR7lfrMFr2BdI?authuser=0&hl=en&rclk=1,http://www.experienceflow.ai/,"['anand@experienceflow.com', 'connect@experienceflow.ai', 'atg@experienceflow.ai']",https://in.linkedin.com/company/experienceflowai
Code Connex Pvt.Ltd - Best Software Company in Hyderabad | Digital Marketing | Web Design & Development | App Development,"403, 4th Floor, Magna Parkview, Sri Shyam Nagar, Telecom Nagar, Gachibowli, Hyderabad, Telangana 500032 ",09391082707,https://www.google.com/maps/place/Code+Connex+Pvt.Ltd+-+Best+Software+Company+in+Hyderabad+%7C+Digital+Marketing+%7C+Web+Design+%26+Development+%7C+App+Development/data=!4m7!3m6!1s0x3bcb918b8329738f:0xfbf7bd3bf9e6e099!8m2!3d17.4350261!4d78.3660901!16s%2Fg%2F11rfll93v_!19sChIJj3Mpg4uRyzsRmeDm-Tu99_s?authuser=0&hl=en&rclk=1,https://codeconnex.com/,"['hello@codeconnex.com', 'prashanth@codeconnex.com', 'first@codeconnex.com', 'sharmila@codeconnex.com', 'hr@codeconnex.com']",https://in.linkedin.com/company/code-connex-private-limited
NAVA Software Solutions,"3rd Floor, Indiqube Pearl, Mindspace Rd, P Janardhan Reddy Nagar, Gachibowli, Hyderabad, Telangana 500032 ",08666786282,https://www.google.com/maps/place/NAVA+Software+Solutions/data=!4m7!3m6!1s0x3bcb93da80b265c7:0x191fbcfd0842cc79!8m2!3d17.4477664!4d78.3656876!16s%2Fg%2F11q7kw90k3!19sChIJx2WygNqTyzsRecxCCP28Hxk?authuser=0&hl=en&rclk=1,http://www.navasoftware.com/,"['info@navasoftware.com', 'first@navasoftsol.com', 'name@navasoftware.com', 'info@nava-sss.com']",https://in.linkedin.com/company/nava-software-solutions
FX ABS Software Solutions Pvt Ltd,"B6, Level 2 Purva Summit, Survey no: 12, opp. Tech Mahindra, HITEC City, Kondapur, Telangana 500081 ",04049518812,https://www.google.com/maps/place/FX+ABS+Software+Solutions+Pvt+Ltd/data=!4m7!3m6!1s0x3bcb9396a93dc18f:0xaceb727b57ad302d!8m2!3d17.4585527!4d78.3519173!16s%2Fg%2F11ph887901!19sChIJj8E9qZaTyzsRLTCtV3ty66w?authuser=0&hl=en&rclk=1,http://fxsoftware.co/,"['info@fxsoftware.co', 'asralladi@gmail.com', ""Get Siva Reddy's email: ***@fxsoftware.co""]",https://in.linkedin.com/company/fx-abs-software-solutions-pvt-ltd
Datapoint IT & Hardware Tech Pvt Ltd,"CCPR+989, adjacent lane of Sarathi Studios, near Keerthi Apartments Lane, Ali Nagar, Padala Ramareddy Colony, Yella Reddy Guda, Hyderabad, Telangana 500073 ",04048598782,https://www.google.com/maps/place/Datapoint+IT+%26+Hardware+Tech+Pvt+Ltd/data=!4m7!3m6!1s0x3bcb918b3b41b19b:0xf02840d646494d53!8m2!3d17.4359171!4d78.4408698!16s%2Fg%2F1wk4bj9n!19sChIJm7FBO4uRyzsRU01JRtZAKPA?authuser=0&hl=en&rclk=1,http://www.datapointinfo.com/,[],https://www.datapointinfo.com/
ParamInfo IT Solutions,"Ground Floor, Dwaraka Central, Plot no. 57, Hitech City Rd, VIP Hills, Jaihind Enclave, Madhapur, Hyderabad, Telangana 500081 ",Not present on google business profiles,https://www.google.com/maps/place/ParamInfo+IT+Solutions/data=!4m7!3m6!1s0x3bcb91f8d67cd40f:0x6061674c520dccb9!8m2!3d17.4471005!4d78.3880704!16s%2Fg%2F11g_x077sm!19sChIJD9R81viRyzsRucwNUkxnYWA?authuser=0&hl=en&rclk=1,https://paraminfo.com/,"['Email: info@paraminfo.com', 'info@paraminfo.com', 'anil.datta@paraminfo.com']",https://in.linkedin.com/company/paraminfo
harri software development and solutions india pvt limited,"Cyber Gateway Driveway, Phase 2, HITEC City, Hyderabad, Telangana 500081 ",Not present on google business profiles,https://www.google.com/maps/place/harri+software+development+and+solutions+india+pvt+limited/data=!4m7!3m6!1s0x3bcb975e5a6a2869:0xcc801a343715479f!8m2!3d17.4477963!4d78.3756762!16s%2Fg%2F11j7ymtz9l!19sChIJaShqWl6XyzsRn0cVNzQagMw?authuser=0&hl=en&rclk=1,http://www.harri.com/,"['arvind@harri.com', 'Email: *****@harri.com', 'Email, *****d@harri.com']",https://www.linkedin.com/company/harri-com
Anilee Software Solutions Pvt. Ltd.,"Unit No:1001., B-Block, 10th floor The Platina 500032, Gachibowli, Hyderabad, Telangana 500032 ",04040169466,https://www.google.com/maps/place/Anilee+Software+Solutions+Pvt.+Ltd./data=!4m7!3m6!1s0x3bcb93c0cce60b77:0x23a7dbc0c6f7dffe!8m2!3d17.4498161!4d78.3633834!16s%2Fg%2F11sz0jvqwl!19sChIJdwvmzMCTyzsR_t_3xsDbpyM?authuser=0&hl=en&rclk=1,http://anileesoftware.com/,"['info@anileesoftware.com', 'm.jaganmohanreddy82@gmail.com']",https://in.linkedin.com/in/kedar-potluri-78663b6b
IBM India Pvt. Ltd.,"C9PP+H9X IBM India Pvt. Ltd, Mindspace, 12D, HITEC City, Hyderabad, Telangana 500081 ",18004253303,https://www.google.com/maps/place/IBM+India+Pvt.+Ltd./data=!4m7!3m6!1s0x3bcb91b392fabedd:0x40a3738b994ea233!8m2!3d17.4364774!4d78.3859837!16s%2Fg%2F11t0m4k8m7!19sChIJ3b76krORyzsRM6JOmYtzo0A?authuser=0&hl=en&rclk=1,Not present on google business profiles,"['eschoolhiring@in.IBM.com', 'subhsrid@in.ibm.com', 'response@in.ibm.com', 'kammajum@in.ibm.com', 'first_initial last@ibm.com']",https://in.linkedin.com/company/ibm
Anblicks Inc. - Development Center (Hyderabad) అన్బ్లిక్స్ ఇంక్.- డెవలప్మెంట్ సెంటర్ (హైదరాబాద్),"Orbit, Unit 3, 15th floor, Plot No 30/C, Sy No 83/1 Knowledge City, Raidurg Panmaktha, Serilingampalle (M), Hyderabad, Telangana 500081 ",Not present on google business profiles,https://www.google.com/maps/place/Anblicks+Inc.+-+Development+Center+%28Hyderabad%29+%E0%B0%85%E0%B0%A8%E0%B1%8D%E0%B0%AC%E0%B1%8D%E0%B0%B2%E0%B0%BF%E0%B0%95%E0%B1%8D%E0%B0%B8%E0%B1%8D+%E0%B0%87%E0%B0%82%E0%B0%95%E0%B1%8D.-+%E0%B0%A1%E0%B1%86%E0%B0%B5%E0%B0%B2%E0%B0%AA%E0%B1%8D%E0%B0%AE%E0%B1%86%E0%B0%82%E0%B0%9F%E0%B1%8D+%E0%B0%B8%E0%B1%86%E0%B0%82%E0%B0%9F%E0%B0%B0%E0%B1%8D+%28%E0%B0%B9%E0%B1%88%E0%B0%A6%E0%B0%B0%E0%B0%BE%E0%B0%AC%E0%B0%BE%E0%B0%A6%E0%B1%8D%29/data=!4m7!3m6!1s0x3bcb90c518f1af29:0x6d2685749ade2b3a!8m2!3d17.4346334!4d78.3767739!16s%2Fg%2F1tt1r44w!19sChIJKa_xGMWQyzsROivemnSFJm0?authuser=0&hl=en&rclk=1,Not present on google business profiles,['marketing@anblicks.com'],https://www.linkedin.com/company/anblicks
M3BI India Pvt Ltd,"WaveRock SEZ Level 1, Part B of Tower 1-Phase 2, S No. 115, Nanakramguda, Gachibowli, Hyderabad, Telangana 500008 ",04067064700,https://www.google.com/maps/place/M3BI+India+Pvt+Ltd/data=!4m7!3m6!1s0x3bcb93802a6fbd9b:0x5058b2887adc0de1!8m2!3d17.4174419!4d78.3461132!16s%2Fg%2F11b7hg9y44!19sChIJm71vKoCTyzsR4Q3ceoiyWFA?authuser=0&hl=en&rclk=1,https://m3bi.com/,"['sachin@m3bi.com', 'companysecretarial@zensar.com', 'Email ID: *****@m3bi.com']",https://in.linkedin.com/company/m3bi
KTree Computer Solutions (India) Pvt Ltd,"01st Floor, Sanali Info Park, 8-2-112/120/1, Road No. 2, C Block, Venkat Nagar, Banjara Hills, Hyderabad, Telangana 500034 ",04066747264,https://www.google.com/maps/place/KTree+Computer+Solutions+%28India%29+Pvt+Ltd/data=!4m7!3m6!1s0x3bcb91defc92e1cf:0xa97ab8f67d18d8bc!8m2!3d17.4259383!4d78.4222488!16s%2Fg%2F11l3mp9knn!19sChIJz-GS_N6RyzsRvNgYffa4eqk?authuser=0&hl=en&rclk=1,http://ktree.com/,"['accounts@ktree.com', 'opensource@ktree.com', 'name@ktree.com']",https://in.linkedin.com/company/ktree-com
Sanoits Software Solutions Pvt Ltd,"191, Kavuri Hills Phase 2 Rd, RBI Colony, Phase 2, Kavuri Hills, Madhapur, Hyderabad, Telangana 500033 ",04040033443,https://www.google.com/maps/place/Sanoits+Software+Solutions+Pvt+Ltd/data=!4m7!3m6!1s0x3bcb93e1bf1e3cbd:0x2dd12953c4620e12!8m2!3d17.4380856!4d78.3925722!16s%2Fg%2F1q6hz9yfn!19sChIJvTwev-GTyzsREg5ixFMp0S0?authuser=0&hl=en&rclk=1,http://www.sanoits.com/,"['ashwinreddy_s@yahoo.co.in', 'sanoits14@gmail.com', 'ksrinivas139@gmail.com', 'hr@sanoits.com']",https://in.linkedin.com/company/sanoits-software-solutions-pvt-ltd
G4 Software Solutions Pvt. Ltd.,"Flat no 705, Pavani Estate, Above RS Brothers Building,Ameerpet, Hyderabad, Telangana 500082 ",07799551666,https://www.google.com/maps/place/G4+Software+Solutions+Pvt.+Ltd./data=!4m7!3m6!1s0x3bcb916624ae41bf:0x5f91e48558120a0!8m2!3d17.432466!4d78.447826!16s%2Fg%2F1yg4ffrb7!19sChIJv0GuJGaRyzsRoCCBVUge-QU?authuser=0&hl=en&rclk=1,http://www.g4technologies.com/,"['aru1812@gmail.com', 'first@g4technologies.com', 'Email: *****@gmail.com']",https://in.linkedin.com/company/g4-software-solution-private-limited
bTranz Software Solutions PVT LTD.,"219a, Lane No. 12, MLA Colony, Banjara Hills, Hyderabad, Telangana 500034 ",08125458080,https://www.google.com/maps/place/bTranz+Software+Solutions+PVT+LTD./data=!4m7!3m6!1s0x3bcb97c1d846c86f:0x902ea525c8873cd9!8m2!3d17.4100168!4d78.4225241!16s%2Fg%2F11j53bc7gh!19sChIJb8hG2MGXyzsR2TyHyCWlLpA?authuser=0&hl=en&rclk=1,http://www.btranz.com/,"['info@bTranz.com', 'Email: info@btranz.com', 'shaker.pasha@gmail.com']",https://in.linkedin.com/company/btranzsoftware
"Aakruti Solutions - Digital Marketing Services & Agency in Hyderabad | Website Designing, Logo Designing & Brochure Designing","3rd Floor, 7-1-617/A, Imperial Towers, 301, Ameerpet, Hyderabad, Telangana 500038 ",09247026268,"https://www.google.com/maps/place/Aakruti+Solutions+-+Digital+Marketing+Services+%26+Agency+in+Hyderabad+%7C+Website+Designing,+Logo+Designing+%26+Brochure+Designing/data=!4m7!3m6!1s0x3bcb90cf6914cded:0xbedadf704bc60742!8m2!3d17.4353861!4d78.4454273!16s%2Fg%2F1tdlfr8b!19sChIJ7c0Uac-QyzsRQgfGS3Df2r4?authuser=0&hl=en&rclk=1",https://aakrutisolutions.com/webdesigning-services.php,[],https://aakrutisolutions.com/
Tech Indya IT Services Pvt. Ltd.,"H.No. 1-89/G/36 Plot No: 36, Near Westin Hotel, MINDSPACE Adj to RENT A DESK, Shilpi Valley, Madhapur, Telangana 500081 ",04066337479,https://www.google.com/maps/place/Tech+Indya+IT+Services+Pvt.+Ltd./data=!4m7!3m6!1s0x3bcb973f54c783c7:0x83fe033fbcde82e4!8m2!3d17.4416751!4d78.3827353!16s%2Fg%2F1ptvyvz2q!19sChIJx4PHVD-XyzsR5ILevD8D_oM?authuser=0&hl=en&rclk=1,http://www.techindya.com/,"['nagendrra@techindya.com', 'first@techindya.com']",https://in.linkedin.com/company/techindya-it-services-pvt-ltd-
Tech2Day - IT Solutions in Hyderabad,"2-19-76, Plot-169, near Community Center, Kalyanpuri, Uppal, Hyderabad, Telangana 500039 ",09703200915,https://www.google.com/maps/place/Tech2Day+-+IT+Solutions+in+Hyderabad/data=!4m7!3m6!1s0x3bcb994925555555:0xf1ceecf9b5f6e2d1!8m2!3d17.4139813!4d78.5582774!16s%2Fg%2F11pf3n5t9k!19sChIJVVVVJUmZyzsR0eL2tfnszvE?authuser=0&hl=en&rclk=1,https://www.tech2day.co.in/,"['rakeshjana.1985@gmail.com', 'support@tech2day.com', 'Email: info@meddylist.com', 'Email : *****hjana.1985@gmail.com']",https://www.linkedin.com/company/tech2day
ALPS Software Technologies Ltd,"plot no 89, Road No. 2, Park View Enclave, Banjara Hills, Hyderabad, Telangana 500034 ",04023553244,https://www.google.com/maps/place/ALPS+Software+Technologies+Ltd/data=!4m7!3m6!1s0x3bcb90d33a4c1aa3:0x37d2d5ac370d2dac!8m2!3d17.4255261!4d78.422592!16s%2Fg%2F1tc_jlhc!19sChIJoxpMOtOQyzsRrC0NN6zV0jc?authuser=0&hl=en&rclk=1,http://www.alpsglobal.com/,"['premraj.soruppu@alpsprime.com', 'contact@alpssoftech.com', 'sales@alpsglobal.com']",https://www.linkedin.com/company/alps-software-technologies-limited
Pranathi Software Services,"White House, Suite No 813, Block- III, Kundanbagh Colony, Begumpet, Hyderabad, Telangana 500016 ",04069030320,https://www.google.com/maps/place/Pranathi+Software+Services/data=!4m7!3m6!1s0x3bcb9749b0000001:0x153f997154e24b5e!8m2!3d17.4356601!4d78.4571588!16s%2Fg%2F11c60ssbss!19sChIJAQAAsEmXyzsRXkviVHGZPxU?authuser=0&hl=en&rclk=1,https://www.pranathiss.com/,"['info@pranathiss.com', 'harish@pranathiss.com', 'contact@pranathiss.com']",https://in.linkedin.com/company/pranathi-software-services-pvt-ltdd
AppShark Software Pvt. Ltd,"4th Floor, Unit No. 403B & 404, 28 & 29, Capital Park, Plot No. 1-98/4/1-13, Capital Pk Rd, Kondapur, Telangana 500084 ",Not present on google business profiles,https://www.google.com/maps/place/AppShark+Software+Pvt.+Ltd/data=!4m7!3m6!1s0x3bcb91432378609d:0x3b5626f4495e6c54!8m2!3d17.4469863!4d78.3861526!16s%2Fg%2F1vnngvzt!19sChIJnWB4I0ORyzsRVGxeSfQmVjs?authuser=0&hl=en&rclk=1,http://www.appshark.com/,"['sales@appshark.com', 'gopikrishna.vemuri@appshark.com', ""first '.' last@appshark.com"", 'arun.chappidi@appshark.com']",https://www.linkedin.com/company/appshark-software
Acuity Software Technologies,"The Platina, A701, Gachibowli - Miyapur Rd, next to Radisson Hotel, DLF Cyber City, Gachibowli, Hitec City, Hyderabad, Telangana 500032 ",04067456781,https://www.google.com/maps/place/Acuity+Software+Technologies/data=!4m7!3m6!1s0x3bcb93c0eb01bde9:0xca068b93b3db177a!8m2!3d17.448234!4d78.363033!16s%2Fg%2F11c1pqsg89!19sChIJ6b0B68CTyzsRehfbs5OLBso?authuser=0&hl=en&rclk=1,http://www.acuitysoft.com/,"['info@acuitysoft.com', 'paul@acuitysoftwareservices', 'sales@acuitysoftwareservices.com', 'kishanbachu@yahoo.com', ""first '.' last@acuitysoft.com"", 'pkg12004@yahoo.co.in', 'nikhilesh.alle@acuitysoft.com']",https://in.linkedin.com/company/acuity-software-technologies
3INSYS SOFTWARE SOLUTIONS PRIVATE LIMITED,"#301 Kasthuri Plaza, Dwaraka Nagar Colony, Gachibowli Road, Shaikpet, Hyderabad, Telangana 500008 ",07708781579,https://www.google.com/maps/place/3INSYS+SOFTWARE+SOLUTIONS+PRIVATE+LIMITED/data=!4m7!3m6!1s0x3bcb978a3e83ffff:0xd06ed4b10d6e3f02!8m2!3d17.4110005!4d78.3966082!16s%2Fg%2F11fy_5xmyn!19sChIJ__-DPoqXyzsRAj9uDbHUbtA?authuser=0&hl=en&rclk=1,http://3insysit.com/,"['reddy.saideep@gmail.com', 'first@3insysit.com', 'first_initial}{last}@3insysit.com', 'ca.sriranga@gmail.com']",https://in.linkedin.com/company/3insys-software-solutions-pvt-ltd
Advit Software Solutions,"4th Floor, Fair View Plaza, Street Number 2, Gagan Mahal, Domalguda, Himayatnagar, Hyderabad, Telangana 500029 ",09000255594,https://www.google.com/maps/place/Advit+Software+Solutions/data=!4m7!3m6!1s0x3bcb99e0b2a0ae81:0x2381b6a6cce6f834!8m2!3d17.4050127!4d78.4808997!16s%2Fg%2F11bychqwjt!19sChIJga6gsuCZyzsRNPjmzKa2gSM?authuser=0&hl=en&rclk=1,https://www.advitsoft.com/,"['info@advitsoft.com', 'admin@advitsoft.com', 'first@advitsoft.com']",https://in.linkedin.com/company/advitsoftware
Techally Labs - IT & Software Development Company,"Ground Floor, Sai Sadan, Survey Of India Ayyappa Society, Survey of India Colony, Chanda Naik Nagar, Madhapur, Hyderabad, Telangana 500081 ",09985202223,https://www.google.com/maps/place/Techally+Labs+-+IT+%26+Software+Development+Company/data=!4m7!3m6!1s0x3bcb914a05d63199:0x31cb9b1507416bc9!8m2!3d17.4551827!4d78.3940812!16s%2Fg%2F11mq2hdxxh!19sChIJmTHWBUqRyzsRyWtBBxWbyzE?authuser=0&hl=en&rclk=1,https://techallylabs.com/,"['support@tech-labs.com', 'sales@unstop.com', 'support@techuplabs.com']",https://in.linkedin.com/company/techally-labs
Vedic Systems Private Limited,"Srinivasam, 4-1-17, Snehapuri Colony, Nacharam, Hyderabad, Telangana 500076 ",09182294729,https://www.google.com/maps/place/Vedic+Systems+Private+Limited/data=!4m7!3m6!1s0x3bcb9bfc24d8875b:0x5cf287fb5e98bbec!8m2!3d17.4228073!4d78.5450045!16s%2Fg%2F1pp2wzpbw!19sChIJW4fYJPybyzsR7LuYXvuH8lw?authuser=0&hl=en&rclk=1,https://www.vedicsys.com/,"['Email: info@vedicsys.com', 'ravindra.sabbineni@vedicsys.com', ""first '.' last@vedicsys.com"", 'info@vedicsystems.com', 'finance@vedicsys.com', 'info@vedicsystem.in']",https://in.linkedin.com/company/vedic-systems
Infotrack Systems Ltd - HR & Payroll Management Software in Hyderabad,"4-1-12/2, Tilak Rd, King Koti, Abids, Hyderabad, Telangana 500001 ",04066662559,https://www.google.com/maps/place/Infotrack+Systems+Ltd+-+HR+%26+Payroll+Management+Software+in+Hyderabad/data=!4m7!3m6!1s0x3bcb99d72d0723ef:0xff5844668cda9b61!8m2!3d17.3905098!4d78.4822336!16s%2Fg%2F11b67g9mrz!19sChIJ7yMHLdeZyzsRYZvajGZEWP8?authuser=0&hl=en&rclk=1,https://info-track.com/,"['helpdesk@infotrack.com', 'ispl@info-track.com', 'first@info-track.com']",https://in.linkedin.com/company/infotracksystems
Claro Software Solutions,"Ikeva, 1st Floor, Block 3, Sonali Info Park, 8-2-112/120/1, Venkat Nagar, Banjara Hills, Hyderabad, Telangana 500034 ",04066663646,https://www.google.com/maps/place/Claro+Software+Solutions/data=!4m7!3m6!1s0x3bcb9721160f49e7:0x8187d259f3dbf04b!8m2!3d17.4255509!4d78.4214951!16s%2Fg%2F11pf5kbv66!19sChIJ50kPFiGXyzsRS_Db81nSh4E?authuser=0&hl=en&rclk=1,http://www.clarosoft.in/,"['mk.zaheer0101@gmail.com', 'malleswarao25@gmail.com', 'sethisagar1992@gmail.com']",https://in.linkedin.com/company/claro-soft-solutions
Vortroid IT Solutions Pvt Ltd,"Huda Techno Enclave, Hi-Tech City, Plot- #4/2, Sector 1, Madhapur, Hyderabad, Telangana 500081 ",09505884798,https://www.google.com/maps/place/Vortroid+IT+Solutions+Pvt+Ltd/data=!4m7!3m6!1s0x3bcb939bb620f75f:0x2eac3fe7a3228e2d!8m2!3d17.4358411!4d78.3467857!16s%2Fg%2F11qqmgxnp7!19sChIJX_cgtpuTyzsRLY4io-c_rC4?authuser=0&hl=en&rclk=1,http://vortroid.com/,"['director@vortroid.com, support@vortroid.com', 'sreevidyapakka@gmail.com', 'sreevidyapakka@gmail']",https://www.linkedin.com/company/vortroid-it-solutions-pvt-ltd
ACH Software Information Technology,"4th Floor, MIG: 230, 401B, Padma Colony, Kukatpally Housing Board Colony, Kukatpally, Hyderabad, Telangana 500072 ",04071327484,https://www.google.com/maps/place/ACH+Software+Information+Technology/data=!4m7!3m6!1s0x3bcb99bb3bd2acbb:0x12720ca4a8d2dc09!8m2!3d17.4164314!4d78.4895632!16s%2Fg%2F11sn4yc7ld!19sChIJu6zSO7uZyzsRCdzSqKQMchI?authuser=0&hl=en&rclk=1,https://www.achsoft.com/,['info@achsoft.com'],https://www.linkedin.com/company/arcsoft
Accentel Software Solutions Pvt. Ltd.,"F-1, 4th Floor, Hyderabad Business Centre, Gun Foundry, Basheer Bagh, Hyderabad, Telangana 500001 ",04040064053,https://www.google.com/maps/place/Accentel+Software+Solutions+Pvt.+Ltd./data=!4m7!3m6!1s0x3bcb99df1fa03595:0xacb06f57fbe79afb!8m2!3d17.3999508!4d78.4778685!16s%2Fg%2F11c1w0lwm7!19sChIJlTWgH9-ZyzsR-5rn-1dvsKw?authuser=0&hl=en&rclk=1,http://accentelsoft.com/,"['marub@ospsindia.com', 'info@accentelsoft.com']",https://in.linkedin.com/company/accentel-software-solutions-pvt-ltd
"iAppSys Technologies Pvt Ltd - LB Nagar, Hyderabad","Building Number 9, Mindspace, HITEC City, Hyderabad, Telangana 500081 ",08143145141,"https://www.google.com/maps/place/iAppSys+Technologies+Pvt+Ltd+-+LB+Nagar,+Hyderabad/data=!4m7!3m6!1s0x3bcb9f5862e90779:0xd0bc43dbad0b86e2!8m2!3d17.4382578!4d78.3847046!16s%2Fg%2F11sgz1zfvr!19sChIJeQfpYlifyzsR4oYLrdtDvNA?authuser=0&hl=en&rclk=1",http://iappsys.in/,"['info@iappsys.in', 'venkatramanareddy07@gmail.com', 'raj.var@hotmail.com']",https://www.linkedin.com/company/iappsys-inc.
GK SOFTWARE SOLUTIONS,"202, A-block, Ameer estate, SR nagar, Hyderabad, Telangana 500038 ",09705070122,https://www.google.com/maps/place/GK+SOFTWARE+SOLUTIONS/data=!4m7!3m6!1s0x3bcb90c28a091ea9:0x87258f6d239e6206!8m2!3d17.447631!4d78.4439031!16s%2Fg%2F11gdkmtmd3!19sChIJqR4JisKQyzsRBmKeI22PJYc?authuser=0&hl=en&rclk=1,Not present on google business profiles,"['info@gk-software.com', 'air@gk-software.com', 'privacy-compliance-team@gk-software.com', 'info@nomitri.com', 'first_initial last@gk-software.com', 'FLast@gk-software.com']",https://www.linkedin.com/company/gk-software
Avalon Software Services India Private Limited,"B-2 , Spaces & More Business Centre , 8-2-269/A Opp Ebony Restaurant Annapurna Studio Lane Rd, No :2, LV Prasad Marg, Banjara Hills, Hyderabad, Telangana 500034 ",Not present on google business profiles,https://www.google.com/maps/place/Avalon+Software+Services+India+Private+Limited/data=!4m7!3m6!1s0x3bcb912ca51e92d7:0x5d97e822f97ac831!8m2!3d17.425234!4d78.4234276!16s%2Fg%2F11b6py_bfm!19sChIJ15IepSyRyzsRMch6-SLol10?authuser=0&hl=en&rclk=1,https://avalonsoftwareservices.com/,"['info@avalonsoftwareservices.com', 'first@avalonsoftwareservices.com', 'snkreddy@avalonsoftwareservices.com', 'First@avalonsoftwareservices.com', 'tsraofca@gmail.com']",https://in.linkedin.com/company/avalon-software-services
Fluentgrid Limited - Hyderabad,"707 & 708, B-Block, The Platina, Gachibowli - Miyapur Rd, Jayabheri Enclave, Gachibowli, Hyderabad, Telangana 500032 ",08916600999,https://www.google.com/maps/place/Fluentgrid+Limited+-+Hyderabad/data=!4m7!3m6!1s0x3bcb93c0c1e4161b:0x8ac2719d19c94263!8m2!3d17.4493708!4d78.3634176!16s%2Fg%2F11c59xl7fq!19sChIJGxbkwcCTyzsRY0LJGZ1xwoo?authuser=0&hl=en&rclk=1,https://www.fluentgrid.com/,"['support@fluentgrid.com', 'vaghira.j@fluentgrid.com', 'vijayabhaskar.ch@fluentgrid.com', 'winston.a@fluentgrid.com']",https://in.linkedin.com/company/fluentgrid
Arise Software Solutions Software Development and Manpower services,"16-11-741/16/1, Indira Nagar, VAISHNAVI CONSTRACT, Hyderabad, Telangana 500060 ",Not present on google business profiles,https://www.google.com/maps/place/Arise+Software+Solutions+Software+Development+and+Manpower+services/data=!4m7!3m6!1s0x3bcb99627f991733:0xaaa1ae305e968fe1!8m2!3d17.3695549!4d78.5209077!16s%2Fg%2F11h6v4zmn5!19sChIJMxeZf2KZyzsR4Y-WXjCuoao?authuser=0&hl=en&rclk=1,http://www.arisesoftwaresolutions.com/,"['yvprakash.arise@gmail.com', 'ariseitsolutions@gmail.com']",https://www.linkedin.com/company/arise-software
"Mirafra Software Technologies Private Limited, Hyderabad","75-B, Jubilee Enclave Rd, Jubilee Enclave, Madhapur, Hyderabad, Telangana 500081 ",Not present on google business profiles,"https://www.google.com/maps/place/Mirafra+Software+Technologies+Private+Limited,+Hyderabad/data=!4m7!3m6!1s0x3bcb973749333ce7:0xa146b422afe2b028!8m2!3d17.4554087!4d78.3759358!16s%2Fg%2F11g69g5vg_!19sChIJ5zwzSTeXyzsRKLDiryK0RqE?authuser=0&hl=en&rclk=1",https://mirafra.com/,"['first last@mirafra.com', 'info@mirafra.com', 'm***@mirafra.com']",https://in.linkedin.com/company/mirafra-technologies
ValueLabs,"Plot No. 41, Phase II, HITEC City, Hyderabad, Telangana 500081 ",04066239000,https://www.google.com/maps/place/ValueLabs/data=!4m7!3m6!1s0x3bcb93c34dcc04bf:0x4c1e5120421075fe!8m2!3d17.449421!4d78.372489!16s%2Fg%2F11r94xrk1!19sChIJvwTMTcOTyzsR_nUQQiBRHkw?authuser=0&hl=en&rclk=1,http://www.valuelabs.com/,"['cg@valuelabs.com', 'dataprivacy@valuelabs.com']",https://in.linkedin.com/company/valuelabs
