Company Name,Address,Phone Number,Google business profile link,Website,E-Mail
Simplified Software Solutions India | Premier Software Development & Mobile App Development Company in Mumbai,"Maitri Residency, A/501, Liberty Garden Rd Number 1, Malad, Navy Colony, Mamledarwadi, Malad West, Mumbai, Maharashtra 400064 ",09870295810,https://www.google.com/maps/place/Simplified+Software+Solutions+India+%7C+Premier+Software+Development+%26+Mobile+App+Development+Company+in+Mumbai/data=!4m7!3m6!1s0x3be7b6ee555554fd:0xfe8be15f05cca332!8m2!3d19.1860773!4d72.8436518!16s%2Fg%2F12j8f29sd!19sChIJ_VRVVe625zsRMqPMBV_hi_4?authuser=0&hl=en&rclk=1,https://calendly.com/kushaldubal,"['info@silvodel.com', 'scgjpr@yahoo.co.in']"
Mypcot Infotech Pvt Ltd,"102, VTM-2 Building condominium, Mehra Ind Compound, Sakinaka, A.K.Road, Andheri East, Mumbai, Maharashtra 400072 ",08208557739,https://www.google.com/maps/place/Mypcot+Infotech+Pvt+Ltd/data=!4m7!3m6!1s0x3be7b7204e4a6237:0x8580d78a7ddd9fa1!8m2!3d19.1005569!4d72.8849425!16s%2Fg%2F11fxx1ylng!19sChIJN2JKTiC35zsRoZ_dfYrXgIU?authuser=0&hl=en&rclk=1,https://www.mypcot.com/,"['sales@mypcot.com', 'hr@mypcot.com']"
Furation Tech Solutions Pvt Ltd : Best App Development & Web Development Company In Mumbai.,"225, Unique Industrial Estate, Twin Tower Ln, near Siddhivinayak temple, Prabhadevi, Mumbai, Maharashtra 400025 ",08879906881,https://www.google.com/maps/place/Furation+Tech+Solutions+Pvt+Ltd+:+Best+App+Development+%26+Web+Development+Company+In+Mumbai./data=!4m7!3m6!1s0x3be7b9c0be47768b:0x868277220b3852c5!8m2!3d19.0178508!4d72.8284138!16s%2Fg%2F11pf11_hcc!19sChIJi3ZHvsC55zsRxVI4CyJ3goY?authuser=0&hl=en&rclk=1,https://www.furationtechsolutions.com/,"['hello@furation.tech', 'lastName (ex. doe@furationtechsolutions.com']"
TIBCO Software Inc,"4VFV+G7Q, B Wing, L & T Business Park, Saki Vihar Rd, Savarkar Nagar, Chandivali, Powai, Mumbai, Maharashtra 400076 ",02239295701,https://www.google.com/maps/place/TIBCO+Software+Inc/data=!4m7!3m6!1s0x3be7c8067e12bc8f:0xeb4c415cc49a617b!8m2!3d19.1238393!4d72.8932196!16s%2Fg%2F11b77gndbd!19sChIJj7wSfgbI5zsRe2GaxFxBTOs?authuser=0&hl=en&rclk=1,http://www.tibco.co.in/,"['tibco-sales@tibco.com', 'aambike@tibco.com', 'corpm-india@tibco.com', 'First.Last@pmu.fr', 'brose@tibco.com', 'first_initial last@tibco.com']"
Acaira Technologies Pvt Ltd,"2nd floor, 206, Topaz CHS, Dr Anandrao Nair Marg, Mumbai Central, Mumbai, Maharashtra 400011 ",02266733155,https://www.google.com/maps/place/Acaira+Technologies+Pvt+Ltd/data=!4m7!3m6!1s0x3be7ce68bb0b1fcd:0xa31ead2defa4ecee!8m2!3d18.9754028!4d72.823273!16s%2Fg%2F12lr8xydf!19sChIJzR8Lu2jO5zsR7uyk7y2tHqM?authuser=0&hl=en&rclk=1,https://www.acaira.com/,"['info@acaira.com', 'first@acaira.com']"
Softlabs Group - Innovation and Global Outsourcing Services,"D Wing, Kamala City, 6th Floor, Trade World, Senapati Bapat Marg, next to World One, Towers, Lower Parel West, Mumbai, Maharashtra 400013 ",07021649439,https://www.google.com/maps/place/Softlabs+Group+-+Innovation+and+Global+Outsourcing+Services/data=!4m7!3m6!1s0x3be7ce8d058c3843:0x59520a10c6c237ce!8m2!3d19.0028368!4d72.8287185!16s%2Fg%2F1tm86x2g!19sChIJQziMBY3O5zsRzjfCxhAKUlk?authuser=0&hl=en&rclk=1,https://www.softlabsgroup.com/contact-us,"['first@softlabsgroup.com', 'mithilesh@softlabsgroup.com']"
Anonimous Tech LLP - Software development company in mumbai,"E, Shubh Mangalam, 155, Jain Society, Sion, Mumbai, Maharashtra 400022 ",09930858801,https://www.google.com/maps/place/Anonimous+Tech+LLP+-+Software+development+company+in+mumbai/data=!4m7!3m6!1s0x3be7c8d33aaaaaa9:0x5351dbcd674f617a!8m2!3d19.0394302!4d72.8610076!16s%2Fg%2F11g9w2q6hx!19sChIJqaqqOtPI5zsRemFPZ83bUVM?authuser=0&hl=en&rclk=1,http://www.anonimous.co.in/,"['support@anonimous.co.in', 'rocasrajanco@gmail.com']"
App Development Company Mumbai India,"408, Vakratunda Corporate Park, Vishweshwar Nagar, Off, Aarey Rd, near Udipi Vihar Hotel, Goregaon, Mumbai, Maharashtra 400063 ",07738141539,https://www.google.com/maps/place/App+Development+Company+Mumbai+India/data=!4m7!3m6!1s0x3be7b7ac93654e47:0xbc5c9963cf0db213!8m2!3d19.1677604!4d72.8530992!16s%2Fg%2F1thq89zt!19sChIJR05lk6y35zsRE7INz2OZXLw?authuser=0&hl=en&rclk=1,https://www.appectual.com/,"['info@appectual.com', 'akshay@appectual.com', 'first@appectual.com', 'poonam@appectual.com']"
Hyperlink InfoSystem - Top App Development Company,"Level 8, Vibgyor, Tower C, 62, G Block, Bandra Kurla Complex, Bandra East, Mumbai, Maharashtra 400098 ",08000161161,https://www.google.com/maps/place/Hyperlink+InfoSystem+-+Top+App+Development+Company/data=!4m7!3m6!1s0x3be7c96a2d7e8d1b:0x6091fc17dd6d236e!8m2!3d19.0692984!4d72.8718095!16s%2Fg%2F11k1b93dnm!19sChIJG41-LWrJ5zsRbiNt3Rf8kWA?authuser=0&hl=en&rclk=1,https://www.hyperlinkinfosystem.com/,"['info@hyperlinkinfosystem.com', 'first@hyperlinkinfosystem.com']"
Algorithms Software Pvt Ltd,"2Nd Floor, Ballard House, Adi Marzban Path, Ballard Estate, Mumbai - 400038 ",02222657193,https://www.google.com/maps/place/Algorithms+Software+Pvt+Ltd/data=!4m7!3m6!1s0x3be7d1da7aaaaaab:0x8abff91660f2e3e3!8m2!3d18.9360163!4d72.8384374!16s%2Fg%2F1tdr1sb4!19sChIJq6qqetrR5zsR4-PyYBb5v4o?authuser=0&hl=en&rclk=1,http://www.xpedeon.com/,"['kkdlegal@gmail.com', ""first '.' last@algosoftware.com"", 'name@algosoftware.com', 'info@algorithmsoftwaretech.com', 'valgo@xpedeon.com', ""first '.' last@xpedeon.co.uk""]"
DIRECTION SOFTWARE LLP - Microsoft Partner | IT Services and Consulting,"Brady Gladys Plaza, 5, 1/447, Senapati Bapat Marg, Lower Parel, Mumbai, Maharashtra 400013 ",02261525000,https://www.google.com/maps/place/DIRECTION+SOFTWARE+LLP+-+Microsoft+Partner+%7C+IT+Services+and+Consulting/data=!4m7!3m6!1s0x3be7ceed52e354ad:0xf4454551ee78c50d!8m2!3d19.0004624!4d72.8280534!16s%2Fg%2F11mhmrdwbp!19sChIJrVTjUu3O5zsRDcV47lFFRfQ?authuser=0&hl=en&rclk=1,https://www.direction.biz/,"['info@direction.biz', 'marketing@direction.biz', ""first_initial '.' last@direction.biz"", 'a.shetty@direction.biz', 'Email ID: *****@direction.biz']"
Software Development Company - ConniviaTech Solutions,"Shop No. 114, B Wing, Rolex Shopping Center, Bandu Gore Marg, Goregoan West, Mumbai, Maharashtra 400104 ",09920626874,https://www.google.com/maps/place/Software+Development+Company+-+ConniviaTech+Solutions/data=!4m7!3m6!1s0x3be7b7570c85eb9f:0xfb885b3be1fc1de!8m2!3d19.1656457!4d72.8476257!16s%2Fg%2F11gm8qy2g7!19sChIJn-uFDFe35zsR3sEfvrOFuA8?authuser=0&hl=en&rclk=1,https://conniviatech.com/career.html,[]
Website Development Company | Softscribble Pvt Ltd,"Softscribble pvt ltd, topaz building, 115, above Udipi restaurant, opposite front of Wockhardt Hospitals, Mumbai, Maharashtra 400011 ",08369149631,https://www.google.com/maps/place/Website+Development+Company+%7C+Softscribble+Pvt+Ltd/data=!4m7!3m6!1s0x3be7ce3fb2520efd:0x9e30042b6999fc4f!8m2!3d18.9756088!4d72.8235196!16s%2Fg%2F11r87rkscm!19sChIJ_Q5Ssj_O5zsRT_yZaSsEMJ4?authuser=0&hl=en&rclk=1,https://docs.google.com/forms/d/e/1FAIpQLSfpHuFQcOx7vYNLbCOm5TuiKlbWfsANL0uoxfj7MHxWWY_eJg/viewform?usp=sf_link,"['info@servequewebservices.in', 'info@webhopers.com', 'contact@scnsoft.com']"
Xplore Systems - Tally Prime Official Sales & Support Partner,"4, Peninsula House, 235, D. N. Road, Dadabhai Naoroji Road, Borabazar Precinct, Ballard Estate, Fort, Mumbai, Maharashtra 400001 ",08655586333,https://www.google.com/maps/place/Xplore+Systems+-+Tally+Prime+Official+Sales+%26+Support+Partner/data=!4m7!3m6!1s0x3be7d1dc74435fdb:0x4211d3c80aa88672!8m2!3d18.9357617!4d72.8337408!16s%2Fg%2F12q4w7td2!19sChIJ219DdNzR5zsRcoaoCsjTEUI?authuser=0&hl=en&rclk=1,https://tallyplanet.com/,[]
Connexial Digital Technology LLP.,"Office No. 5, 1st Floor, Master Building, 94/96, Perin Nariman St, Borabazar Precinct, BazaarGate, Fort, Mumbai, Maharashtra 400001 ",08104522146,https://www.google.com/maps/place/Connexial+Digital+Technology+LLP./data=!4m7!3m6!1s0x3be7d1dbdaee967b:0x3a8f282dc6f53ecd!8m2!3d18.9368404!4d72.8357262!16s%2Fg%2F11ggmps3sk!19sChIJe5bu2tvR5zsRzT71xi0ojzo?authuser=0&hl=en&rclk=1,Not present on google business profiles,[]
April Innovations,"Telephone Exchange, 307, Champaklal Industrial Estate, next to Sion, Sion East, Mumbai, Maharashtra 400022 ",09920081371,https://www.google.com/maps/place/April+Innovations/data=!4m7!3m6!1s0x3be7c8cdd7a5f867:0x46218fd8bb6e4256!8m2!3d19.042134!4d72.8665986!16s%2Fg%2F11c5qlwjgj!19sChIJZ_il183I5zsRVkJuu9iPIUY?authuser=0&hl=en&rclk=1,https://meetings.hubspot.com/viditmshah,"['leads@aprilinnovations.com', 'xxxx@aprilinnovations.com', 'connectrcg@gmail.com']"
Ajackus,"74 Techno Park, 74/II, “C” Cross Road, MIDC Central Rd, opp. Gate No 2, Seepz, Andheri East, Mumbai, Maharashtra 400093 ",09167934967,https://www.google.com/maps/place/Ajackus/data=!4m7!3m6!1s0x3be7c83c25dd979b:0xb1c76be88ea99fda!8m2!3d19.121698!4d72.8726864!16s%2Fg%2F1hc8fb_77!19sChIJm5fdJTzI5zsR2p-pjuhrx7E?authuser=0&hl=en&rclk=1,https://www.ajackus.com/contact,"['hrops@ajackus.com', 'training@ajackus.com', 'maulik.bengali@gmail.com', 'first_initial}{last}@ajackus.com']"
"Hertzsoft Technologies – Web & App Development | AI & Design Company, Mumbai","Office No. 105, First Floor, Al-Ameer Tower, A-Wing, Jail Rd S, Dongri, Umerkhadi, Mumbai, Maharashtra 400009 ",08657242757,"https://www.google.com/maps/place/Hertzsoft+Technologies+%E2%80%93+Web+%26+App+Development+%7C+AI+%26+Design+Company,+Mumbai/data=!4m7!3m6!1s0x3be7cf504668421d:0x9b9c9879ca925e8d!8m2!3d18.95945!4d72.835745!16s%2Fg%2F11f6nggcl2!19sChIJHUJoRlDP5zsRjV6SynmYnJs?authuser=0&hl=en&rclk=1",https://www.hertzsoft.com/,"['contact@hertzsoft.com', 'SAQIBGHATTE@GMAIL.COM', 'educare@hertzsoft.com']"
Mlm Software Company In Mumbai,"GALAXY CLASSIQUE, ABCD CHS ltd, B-501, off Mahatma Gandhi Road, goregoan-w, Mitha Nagar, Goregaon West, Mumbai, Maharashtra 400104 ",09953119957,https://www.google.com/maps/place/Mlm+Software+Company+In+Mumbai/data=!4m7!3m6!1s0x3be7b7e951953455:0xfd7c6569524320b!8m2!3d19.1618314!4d72.8372853!16s%2Fg%2F11t6_5x1bw!19sChIJVTSVUem35zsRCzIklVbG1w8?authuser=0&hl=en&rclk=1,https://mlmsoftwarecompany.in/,['info@mlmsoftwarecompany.in']
Go Business india Mumbai | IT Company in Mumbai,"A-906 / 2nd Floor Near Mtnl Prakashwadi Gundavali, Karla Road, Western Express Hwy, near near, Andheri East, Mumbai, Maharashtra 400093 ",18002587735,https://www.google.com/maps/place/Go+Business+india+Mumbai+%7C+IT+Company+in+Mumbai/data=!4m7!3m6!1s0x3be7b770fe492b85:0xfd07e52a7fa37e67!8m2!3d19.173577!4d72.8584689!16s%2Fg%2F11y26f6q3y!19sChIJhStJ_nC35zsRZ36jfyrlB_0?authuser=0&hl=en&rclk=1,https://mumbai.gobusinessindia.com/,['info@gobusinessindia.com']
MuGenesys Software Pvt Ltd,"A Wing, Time Square Building Unit 1B 9th, Andheri - Kurla Rd, Gamdevi, Marol, Andheri East, Mumbai, Maharashtra 400059 ",02267777777,https://www.google.com/maps/place/MuGenesys+Software+Pvt+Ltd/data=!4m7!3m6!1s0x3be7c86c69f43a8f:0x45e899ddb2945f33!8m2!3d19.107992!4d72.8837437!16s%2Fg%2F1ptz65x92!19sChIJjzr0aWzI5zsRM1-Ust2Z6EU?authuser=0&hl=en&rclk=1,http://www.mugenesys.com/,"['sanket@mugenesys.com', 'mugensyss@gmail.com', 'name@mugenesys.com']"
Prism IT Solutions Private Limited,"28, Platinum Mall, Ground Floor Opposite Ghatkopar Railway Station, Pant Nagar, Ghatkopar East, Mumbai, Maharashtra 400075 ",08048107584,https://www.google.com/maps/place/Prism+IT+Solutions+Private+Limited/data=!4m7!3m6!1s0x3be7c149f620f1bb:0xa7da6e3b19621d9f!8m2!3d19.0840311!4d72.9067902!16s%2Fg%2F11bx5p_d9c!19sChIJu_Eg9knB5zsRnx1iGTtu2qc?authuser=0&hl=en&rclk=1,Not present on google business profiles,"['info@prismitindia.com', 'enquiry@prismitindia.com', 'first@prismitindia.com', 'ARUNMOHANRAJ@PRISMITSERVICESLTD.COM', 'info@prism.in']"
Algo,"DSouza Compound, Room no. C/2, M. N, Khairani Rd, Saki Naka, Mumbai, Maharashtra 400072 ",09022120324,https://www.google.com/maps/place/Algo/data=!4m7!3m6!1s0x3be7c9ccbac2358f:0x997c6ffa186f354b!8m2!3d19.0994348!4d72.8978414!16s%2Fg%2F11mwzcbb0z!19sChIJjzXCuszJ5zsRSzVvGPpvfJk?authuser=0&hl=en&rclk=1,http://blogscompass.com/,"['info@algosolutions.com', 'contact@algodelta.com', 'algo.analytiq@gmail.com', 'contact@algouniversity.com', 'seventicks@gmail.com', 'contact@tradetron.tech', 'sales@algobaba.com']"
MAQ Software,"on, Sahar Plaza Midas II, 201, Meadows Building, Andheri - Kurla Rd, Bhim Nagar, Andheri East, Mumbai, Maharashtra 400059 ",04040100570,https://www.google.com/maps/place/MAQ+Software/data=!4m7!3m6!1s0x3be7c83fb44b2f33:0xc0f5e6b5e5aa2856!8m2!3d19.1126899!4d72.8700557!16s%2Fg%2F11c0x8yzyq!19sChIJMy9LtD_I5zsRViiq5bXm9cA?authuser=0&hl=en&rclk=1,https://maqsoftware.com/,"['CustomerSuccess@MAQSoftware.com', 'Sales@MAQSoftware.com', 'accounts@maqsoftware.com']"
WEQ Technologies,"Office 604, 6th Floor, Jai Antariksh Commercial Building, Makwana Rd, near Marol Metro Station, Gamdevi, Marol, Andheri East, Andheri, Mumbai, Maharashtra 400059 ",09152019990,https://www.google.com/maps/place/WEQ+Technologies/data=!4m7!3m6!1s0x3be7b0e3573a0119:0xd05fd922ef75088c!8m2!3d19.1095501!4d72.8819738!16s%2Fg%2F11clsf_nwj!19sChIJGQE6V-Ow5zsRjAh17yLZX9A?authuser=0&hl=en&rclk=1,https://www.weqtechnologies.com/,"['sales@weqtechnologies.com', 'hr@weqtechnologies.com', 'Email: info@weqtechnologies.com']"
Solmart,"R. No. 7-A-1, Shree Dhara Dham Society, Ram Raj Yadav, 90 Feet Road Sakinaka, near Mahadev Mandir, Maharashtra 400072 ",Not present on google business profiles,https://www.google.com/maps/place/Solmart/data=!4m7!3m6!1s0x3be7c814f98e1c1d:0xce111f9455b22bb5!8m2!3d19.1023792!4d72.8883915!16s%2Fg%2F11gdqn16nq!19sChIJHRyO-RTI5zsRtSuyVZQfEc4?authuser=0&hl=en&rclk=1,http://www.solmart.co.in/,"['info@solmart.com.au', 'solmart@solmart.com.mx']"
TechStalwarts Software Development LLP | Best Software & App Development Company in India,"7th Floor, Dheeraj Kawal, Lal Bahadur Shastri Marg, Godrej & Boyce Industry Estate, Vikhroli West, Mumbai, Maharashtra 400079 ",09930602530,https://www.google.com/maps/place/TechStalwarts+Software+Development+LLP+%7C+Best+Software+%26+App+Development+Company+in+India/data=!4m7!3m6!1s0x3be7c78ae4eca899:0x300fdca9125ccb45!8m2!3d19.1100801!4d72.9255635!16s%2Fg%2F11h43s4jnf!19sChIJmajs5IrH5zsRRctcEqncDzA?authuser=0&hl=en&rclk=1,http://www.techstalwarts.com/,"['business@techstalwarts.com', 'Life@techstalwarts', ""first '.' last@techstalwarts.com"", 'shailesh.mehta88@gmail.com']"
TechUnido Software Solution Pvt Ltd,"701, Sunil Enclave, Pereira Hill Road, Opp Guru Nanak Petrol Pump Off Andheri Kurla Road, Near Western Express Highway, Metro, Andheri E, Mumbai, Maharashtra 400099 ",Not present on google business profiles,https://www.google.com/maps/place/TechUnido+Software+Solution+Pvt+Ltd/data=!4m7!3m6!1s0x3be7c81313ee4b91:0x84288052005743aa!8m2!3d19.1153195!4d72.8563476!16s%2Fg%2F11cmrvq1zf!19sChIJkUvuExPI5zsRqkNXAFKAKIQ?authuser=0&hl=en&rclk=1,https://www.techunido.com/,"['sales@techunido.com', 'abhijeetbandal@gmail.com', 'careers@techunido.com']"
Dynamic Vishva Technology Solutions Pvt Ltd,"202, Orchid Business Park, Wing-A, Military Rd, Andheri East, Mumbai, Maharashtra 400059 ",09082107892,https://www.google.com/maps/place/Dynamic+Vishva+Technology+Solutions+Pvt+Ltd/data=!4m7!3m6!1s0x3be7c83c05dd0a1f:0x5a583b5f739dc3ba!8m2!3d19.1167739!4d72.8820338!16s%2Fg%2F11gdkzh24y!19sChIJHwrdBTzI5zsRusOdc187WFo?authuser=0&hl=en&rclk=1,https://dynamicvishva.in/,"['name@dynamicvishva.in', 'rahulda2498@gmail.com', 'd.jane@dynamicvishva.in']"
Big Rattle Technologies,"Mittal Commercia, A-404, Hasan Pada Rd, Mittal Industrial Estate, Marol, Andheri East, Mumbai, Maharashtra 400059 ",Not present on google business profiles,https://www.google.com/maps/place/Big+Rattle+Technologies/data=!4m7!3m6!1s0x3be7b9273542f053:0x313c500baf1c1e4e!8m2!3d19.1044592!4d72.8807628!16s%2Fg%2F11b75qq6sv!19sChIJU_BCNSe55zsRTh4crwtQPDE?authuser=0&hl=en&rclk=1,http://www.bigrattle.com/,"['accounts@bigrattle.com', 'first last_initial@bigrattle.com', 'Email ID: *****@ bigrattle.com']"
AscenWork Technologies Private Limited,"Kailash Esplanade, C-319, opp. Shreyas Cinema Road, Nityanand Nagar, Ghatkopar West, Mumbai, Maharashtra 400086 ",07977285342,https://www.google.com/maps/place/AscenWork+Technologies+Private+Limited/data=!4m7!3m6!1s0x3be7c79475da9ff5:0x1c8883c25a122807!8m2!3d19.093492!4d72.91357!16s%2Fg%2F11c0rgy1kn!19sChIJ9Z_adZTH5zsRBygSWsKDiBw?authuser=0&hl=en&rclk=1,https://ascenwork.com/,"['careers@ascenwork.com', 'first@ascenwork.com', 'SHRIPAL125@GMAIL.COM']"
DreamSoft IT Solutions Pvt. Ltd.,"105/106, Hinal, Datta Mandir Road Dahanukar Wadi Junction, Off, Mahatma Gandhi Rd, Kandivali West, Mumbai, Maharashtra 400067 ",07208422044,https://www.google.com/maps/place/DreamSoft+IT+Solutions+Pvt.+Ltd./data=!4m7!3m6!1s0x3be7b6c500000021:0x95db6ec52182f027!8m2!3d19.2075074!4d72.8372152!16s%2Fg%2F1tpb9fsk!19sChIJIQAAAMW25zsRJ_CCIcVu25U?authuser=0&hl=en&rclk=1,https://www.dreamsoftindia.com/,"['info@dreamsoftindia.com', 'support@dreamsoftindia.info', 'sales@dreamsoftindia.com', 'name@dreamsoftindia.com', 'dsitspl@gmail.com', 'nirav@dreamsoftindia.com']"
Jens Infotech,"110 Rajiv Gandhi Complex, near Athrva College, Kandivali, Charkop Gaon, Mumbai, Maharashtra 400067 ",09519256088,https://www.google.com/maps/place/Jens+Infotech/data=!4m7!3m6!1s0x3be7b73ddb26853f:0x8ae2951e632bed3!8m2!3d19.2069485!4d72.8244577!16s%2Fg%2F11fkpvkffg!19sChIJP4Um2z235zsR074y5lEprgg?authuser=0&hl=en&rclk=1,https://jensinfotech.in/,['jensinfotech@gmail.com']
Ampity Infotech - Software Development Services,"We Work, 13th Floor, Bus Stop, 247 Park, Lal Bahadur Shastri Marg, Hindustan C, Chandan Nagar, Vikhroli West, Mumbai, Maharashtra 400079 ",07409712669,https://www.google.com/maps/place/Ampity+Infotech+-+Software+Development+Services/data=!4m7!3m6!1s0x3be7c7bef07ce463:0xb8914707f5f23ed2!8m2!3d19.1199732!4d72.9264536!16s%2Fg%2F11qh89h32t!19sChIJY-R88L7H5zsR0j7y9QdHkbg?authuser=0&hl=en&rclk=1,https://ampityinfotech.com/,"['info@ampityinfotech.com', 'sachin@ampityinfotech.com', ""first '.' last_initial@ampityinfotech.com""]"
Intelegain Technologies - MS Dynamics 365 | Software Development | Azure Cloud Hosting,"Akshar Blue Chip IT Park, 203, Turbhe MIDC, Turbhe, Navi Mumbai, Maharashtra 400705 ",02262596124,https://www.google.com/maps/place/Intelegain+Technologies+-+MS+Dynamics+365+%7C+Software+Development+%7C+Azure+Cloud+Hosting/data=!4m7!3m6!1s0x3be7c136b2c080cb:0x1d7af155df193ae5!8m2!3d19.069313!4d73.019912!16s%2Fg%2F1tfr8nj7!19sChIJy4DAsjbB5zsR5ToZ31Xxeh0?authuser=0&hl=en&rclk=1,https://www.intelegain.com/locations,[]
"Prudent Tech IT Solutions - Software & Application Development Company In Mumbai, India","Office No.B-612, 6th Floor, Hermes Athrium, Sector 11, CBD Belapur, Navi Mumbai, Maharashtra 400614 ",09773553292,"https://www.google.com/maps/place/Prudent+Tech+IT+Solutions+-+Software+%26+Application+Development+Company+In+Mumbai,+India/data=!4m7!3m6!1s0x3be7c1672758ff2b:0xb4321ccf2c66ce72!8m2!3d19.015484!4d73.0391078!16s%2Fg%2F11hdrrd8pl!19sChIJK_9YJ2fB5zsRcs5mLM8cMrQ?authuser=0&hl=en&rclk=1",https://wa.link/lwnu3l,[]
Genesys International Corporation limited,"Sdf 3, 73/ A, Seepz, Andheri East, Mumbai, Maharashtra 400096 ",Not present on google business profiles,https://www.google.com/maps/place/Genesys+International+Corporation+limited/data=!4m7!3m6!1s0x3be7c821ef6fcf9d:0xbf8c3a4754ccd0d8!8m2!3d19.127187!4d72.8755257!16s%2Fg%2F1tctk7km!19sChIJnc9v7yHI5zsR2NDMVEc6jL8?authuser=0&hl=en&rclk=1,http://www.igenesys.com/,"['sales@igenesys.com', 'GenesysSEA@genesys.com', 'investors@igenesys.com', ""first '.' last@igenesys.com"", 'first}.{last}@igenesys.com']"
Datagrid Solutions - Software Development Company,"Crystal Plaza, 604/605, Guru Hargovindji Rd, next to Atul Projects, Chakala, Andheri East, Mumbai, Maharashtra 400099 ",08657992211,https://www.google.com/maps/place/Datagrid+Solutions+-+Software+Development+Company/data=!4m7!3m6!1s0x3be7c836dbd7f1dd:0xd52c4cca2c39b95a!8m2!3d19.111338!4d72.860035!16s%2Fg%2F11bwl3_pq9!19sChIJ3fHX2zbI5zsRWrk5LMpMLNU?authuser=0&hl=en&rclk=1,https://www.datagrid.co.in/contact-us/,"['info@datagrid.co.in', 'deepsgjain@gmail.com']"
"101 CONNECT: Website, Software, Mobile App Developers Since 1999 | Mumbai.","Plot A, Mahant Chambers, 315, Rd Number 34, opp. Passport Office, Sathe Nagar, Jai Bhavani Nagar, Wagle Industrial Estate, Thane West, Thane, Maharashtra 400604 ",09820182560,"https://www.google.com/maps/place/101+CONNECT:+Website,+Software,+Mobile+App+Developers+Since+1999+%7C+Mumbai./data=!4m7!3m6!1s0x3be7b8f78883bf3b:0x2afbf6d68733b8b7!8m2!3d19.2010141!4d72.9499218!16s%2Fg%2F11dxnlbrbk!19sChIJO7-DiPe45zsRt7gzh9b2-yo?authuser=0&hl=en&rclk=1",https://101connect.in/101connect-google-landing-page/?,['welcome@relevant.software']
Nimap Infotech,"41, 4th floor A-wing, Todi Industrial Estate, Sun Mills Compound Rd, Lower Parel, Mumbai, Maharashtra 400013 ",07021431876,https://www.google.com/maps/place/Nimap+Infotech/data=!4m7!3m6!1s0x3be7ce12c5555515:0x98e9bba4d79bf181!8m2!3d18.9952412!4d72.8271632!16s%2Fg%2F1ptwzy019!19sChIJFVVVxRLO5zsRgfGb16S76Zg?authuser=0&hl=en&rclk=1,https://nimapinfotech.com/,"['hr@nimapinfotech.com', 'enquiry@nimapinfotech.com', 'First@nimapinfotech.com', 'name@nimapinfotech.com']"
Unico Connect Private Limited,"Building No 1, 511, A Wing, Kirol Rd, off LBS Marg, Commercial I, Kurla West, Mumbai, Maharashtra 400070 ",09137279224,https://www.google.com/maps/place/Unico+Connect+Private+Limited/data=!4m7!3m6!1s0x3be7ce246893e45b:0x6d8f76da468fde7d!8m2!3d19.0813602!4d72.8873565!16s%2Fg%2F1yfh_jny6!19sChIJW-STaCTO5zsRfd6PRtp2j20?authuser=0&hl=en&rclk=1,https://calendly.com/unico-team,['kunjangandhi@hotmail.com']
Bombay Softwares - IT Company,"18th Floor, Cyberone, opp. CIDCO Exhibition Centre, Sector 30, Vashi, Navi Mumbai, Maharashtra 400703 ",Not present on google business profiles,https://www.google.com/maps/place/Bombay+Softwares+-+IT+Company/data=!4m7!3m6!1s0x3be7c7a5036f93c7:0x638ba0f319675156!8m2!3d19.067609!4d72.9930147!16s%2Fg%2F11tdcmnj67!19sChIJx5NvA6XH5zsRVlFnGfOgi2M?authuser=0&hl=en&rclk=1,https://www.bombaysoftwares.com/,"[""first '.' last@bombaysoftwares.com"", 'sourabh@bombaysoftwares.com', 'connect@bombaysoftwares.com']"
InfoCentroid Software Solutions Pvt Ltd - Expert SEO & Mobile App Development Company,"Crystal Plazza, E-309, Andheri Link Rd, opp. Infinity Mall, Veera Desai Industrial Estate, Andheri West, Mumbai, Maharashtra 400053 ",07415022797,https://www.google.com/maps/place/InfoCentroid+Software+Solutions+Pvt+Ltd+-+Expert+SEO+%26+Mobile+App+Development+Company/data=!4m7!3m6!1s0x3be7b77d1666ebc3:0x844006a250a47d08!8m2!3d19.1408465!4d72.8319858!16s%2Fg%2F11try3h_4d!19sChIJw-tmFn235zsRCH2kUKIGQIQ?authuser=0&hl=en&rclk=1,https://www.infocentroid.com/,"['Us:rekha.verma@infocentroidtech.com', 'ajay@infocentroidtech.com', 'hrnp@infocentroidtech.com', 'rekha.verma@infocentroidtech.com']"
ADe Technologies - Custom Mobile And Web Application Development Company In Mumbai | Website Design,"Office No. 527, Dheeraj Heritage, Swami Vivekananda Rd, BEST Colony, Santacruz (West), Mumbai, Maharashtra 400054 ",09702291888,https://www.google.com/maps/place/ADe+Technologies+-+Custom+Mobile+And+Web+Application+Development+Company+In+Mumbai+%7C+Website+Design/data=!4m7!3m6!1s0x3be7c9a5a01c6a93:0x3b58f33726b13ed!8m2!3d19.0904132!4d72.8346407!16s%2Fg%2F1ptyn6bg3!19sChIJk2ocoKXJ5zsR7RNrcjOPtQM?authuser=0&hl=en&rclk=1,https://www.ade-technologies.com/contactus.php,['contact@ade-technologies.com']
Nilee Games and Future Technologies Pvt. Ltd,"508, 5th, Fly Edge, Building, Swami Vivekananda Rd, Meghdoot, Hari Om Nagar, Borivali West, Mumbai, Maharashtra 400092 ",Not present on google business profiles,https://www.google.com/maps/place/Nilee+Games+and+Future+Technologies+Pvt.+Ltd/data=!4m7!3m6!1s0x3be7b739ce450b55:0x9e1578b2610e2c7c!8m2!3d19.221169!4d72.8533018!16s%2Fg%2F1ptwq3ynn!19sChIJVQtFzjm35zsRfCwOYbJ4FZ4?authuser=0&hl=en&rclk=1,https://www.nileegames.com/,"['info@nileegames.com', 'nileegames@gmail.com']"
Shah Tech Website Mobile App CRM ERP Development Company Mumbai,"b-710, mangal aarambh commercial, behind McDonalds, Borivali West, Mumbai, Maharashtra 400064 ",07208727475,https://www.google.com/maps/place/Shah+Tech+Website+Mobile+App+CRM+ERP+Development+Company+Mumbai/data=!4m7!3m6!1s0x3be7b1cdf4900df7:0xc8b27946fb6b54dd!8m2!3d19.220859!4d72.851442!16s%2Fg%2F1tj3jjhk!19sChIJ9w2Q9M2x5zsR3VRr-0Z5ssg?authuser=0&hl=en&rclk=1,https://www.shahtechnologies.in/contactus.php,['Email info@shahtechnology.com']
Cymetrix Software - Salesforce Consulting Partner,"12, 1st Floor, Samrudhi Venture Park, M.I.D.C, Chakala Industrial Area (MIDC), Andheri East, Mumbai, Maharashtra 400093 ",08655343081,https://www.google.com/maps/place/Cymetrix+Software+-+Salesforce+Consulting+Partner/data=!4m7!3m6!1s0x3be7c82366155555:0x40132e14e6514c09!8m2!3d19.1205357!4d72.8699173!16s%2Fg%2F11fylk814h!19sChIJVVUVZiPI5zsRCUxR5hQuE0A?authuser=0&hl=en&rclk=1,https://www.cymetrixsoft.com/career/,['info@cymetrixsoft.com']
Mozar Software,"Raylon Arcade, B-104, RK Mandir Rd, near Pidilite Industries, Kondivita, Andheri East, Mumbai, Maharashtra 400059 ",09169569161,https://www.google.com/maps/place/Mozar+Software/data=!4m7!3m6!1s0x3be7c825ede07dd1:0x69e36d70b0022b5d!8m2!3d19.1151834!4d72.8707589!16s%2Fg%2F11ddx4m409!19sChIJ0X3g7SXI5zsRXSsCsHBt42k?authuser=0&hl=en&rclk=1,https://greenheavensoft.in/,"['mozarsoft@gmail.com', 'navin@greenheavensoft.in', 'abuse-contact@publicdomainregistry.com']"
AlphawareNext Tech Pvt. Ltd. | Best IT Company & Software Development Company | Web3.0 & Mobile App Development Company,"19th, Lodha Supremus, 1904, Saki Vihar Rd, Tunga Village, Chandivali, Powai, Mumbai, Maharashtra 400072 ",Not present on google business profiles,https://www.google.com/maps/place/AlphawareNext+Tech+Pvt.+Ltd.+%7C+Best+IT+Company+%26+Software+Development+Company+%7C+Web3.0+%26+Mobile+App+Development+Company/data=!4m7!3m6!1s0x3be7c984450c586d:0xf222a6211f1f49b6!8m2!3d19.1185544!4d72.8905926!16s%2Fg%2F11k3ln568g!19sChIJbVgMRYTJ5zsRtkkfHyGmIvI?authuser=0&hl=en&rclk=1,https://www.alphaware.io/,"['sales@alphaware.io', 'support@alphaware.io', 'contact our support team at support@alphaware.io', 'name@alphaware.io']"
Technobizzar - Best Website Design Company in Navi Mumbai,"A - 407, Om Rachana CHS, Plot - 3, Liberty Housing Society, Sector 17, Vashi, Navi Mumbai, Maharashtra 400703 ",09322991234,https://www.google.com/maps/place/Technobizzar+-+Best+Website+Design+Company+in+Navi+Mumbai/data=!4m7!3m6!1s0x3be7c0c646eaaac1:0xd95e1427f211b59e!8m2!3d19.0706721!4d72.9979093!16s%2Fg%2F11bt_jkhwm!19sChIJwarqRsbA5zsRnrUR8icUXtk?authuser=0&hl=en&rclk=1,https://technobizzar.com/,"['info@technobizzar.com', 'technobizzar@gmail.com']"
"Top AI, IoT Software and Mobile App Development Company - Fusion Informatics","Neelkanth Business Park, A-608, next to Vidyavihar station skywalk, Neelkanth Kingdom, Vidyavihar West, W, Mumbai, Maharashtra 400086 ",Not present on google business profiles,"https://www.google.com/maps/place/Top+AI,+IoT+Software+and+Mobile+App+Development+Company+-+Fusion+Informatics/data=!4m7!3m6!1s0x3be7c9d13fdb9329:0x432708aca042726d!8m2!3d19.0795282!4d72.8962688!16s%2Fg%2F11gjhlyncq!19sChIJKZPbP9HJ5zsRbXJCoKwIJ0M?authuser=0&hl=en&rclk=1",https://www.fusioninformatics.com/,"['sales@fusioninformatics.com', 'first@fusioninformatics.com', 'hr@fusioninformatics.com']"
Sanver India Private Limited,"Udyog Bhavan, 126, Sonawala Rd, Jay Prakash Nagar, Goregaon, Mumbai, Maharashtra 400063 ",09820401284,https://www.google.com/maps/place/Sanver+India+Private+Limited/data=!4m7!3m6!1s0x3be7b64d46f594e9:0x6524a8ea77bef98c!8m2!3d19.1618147!4d72.8507171!16s%2Fg%2F1ptyn608z!19sChIJ6ZT1Rk225zsRjPm-d-qoJGU?authuser=0&hl=en&rclk=1,https://www.sanver.com/,"['career@sanver.com', 'sales@sanver.com', 'sanjay@sanver.com', 'accounts@sanver.com']"
Nividous Software Solutions - Mumbai,"201, Embassy Chambers, Rd No. 3, Khar, Ram Krishna Nagar, Khar West, Mumbai, Maharashtra 400052 ",02226054570,https://www.google.com/maps/place/Nividous+Software+Solutions+-+Mumbai/data=!4m7!3m6!1s0x3be7c90f88995c3b:0x51e2009aa84a88f8!8m2!3d19.0720012!4d72.8395156!16s%2Fg%2F11b7m96r64!19sChIJO1yZiA_J5zsR-IhKqJoA4lE?authuser=0&hl=en&rclk=1,https://nividous.com/?utm_source=google-my-business&utm_medium=gmb&utm_campaign=gmb-mumbai,"['support@nividous.com', 'tasnim.raja@nividous.com', 'contactus@nividous.com', 'Email ID: *****@nividous.com']"
"Smarts3 | Mobile app development company in Mumbai, India","2, Super Market Arcade, Monghibai Rd, Navpada, Vile Parle East, Vile Parle, Mumbai, Maharashtra 400057 ",09870295810,"https://www.google.com/maps/place/Smarts3+%7C+Mobile+app+development+company+in+Mumbai,+India/data=!4m7!3m6!1s0x3be7c91b1299cd8d:0x7d4bb98e6806e7a7!8m2!3d19.0996542!4d72.8452998!16s%2Fg%2F11j8_n60zg!19sChIJjc2ZEhvJ5zsRp-cGaI65S30?authuser=0&hl=en&rclk=1",https://smarts3.in/contact-us/,"['info@smarts3.in / hire@smarts3.in', 'name@smarts3.in', 'needhelp@zimed.com']"
Astral Technologies - Construction & Real Estate Software Company,"Sidhgiri Business Centre, Swami Vivekananda Rd, Gyan Nagar, Mhatre Wadi, Borivali, Mumbai, Maharashtra 400092 ",09324452817,https://www.google.com/maps/place/Astral+Technologies+-+Construction+%26+Real+Estate+Software+Company/data=!4m7!3m6!1s0x3be7b6ca84f52fc3:0xfaba6939e908fe81!8m2!3d19.2274818!4d72.8553102!16s%2Fg%2F1hg4xfvwf!19sChIJwy_1hMq25zsRgf4I6Tlpuvo?authuser=0&hl=en&rclk=1,https://astralrealestateerp.com/,"['namrata@astralgroup.in', 'aditi@astralgroup.in']"
Synergy Soft Solutions | Tally Partner in Mumbai | Tally Software | Tally Cloud service Provider in Mumbai,"B, 305, Mahalaxmi Centre Premises CHSL, Swami Vivekananda Rd, opp. Balbharti School, Kandivali, Irani Wadi, W, Mumbai, Maharashtra 400067 ",08108102777,https://www.google.com/maps/place/Synergy+Soft+Solutions+%7C+Tally+Partner+in+Mumbai+%7C+Tally+Software+%7C+Tally+Cloud+service+Provider+in+Mumbai/data=!4m7!3m6!1s0x3be7b62e0f139aef:0x66f96f577db78cf9!8m2!3d19.2004395!4d72.8484863!16s%2Fg%2F11rzgwqt7k!19sChIJ75oTDy625zsR-Yy3fVdv-WY?authuser=0&hl=en&rclk=1,http://synergysoft.in/,"['Info@synergysoft.in', 'Email ID : info@synergysoftwares.biz', 'sales@s3india.com', 'info@synergyforit.com', 'synergy.sandeep@gmail.com']"
OneRoof Technologies LLP - Your Trusted IT Partner,"503, Ecstasy Business Park, JSD, near CITY OF JOY, Ashok Nagar, Mulund West, Mumbai, Maharashtra 400080 ",02220814031,https://www.google.com/maps/place/OneRoof+Technologies+LLP+-+Your+Trusted+IT+Partner/data=!4m7!3m6!1s0x3be7b8e53ccf020f:0xc395e430747aa20f!8m2!3d19.1763663!4d72.9600427!16s%2Fg%2F1pzqvm24r!19sChIJDwLPPOW45zsRD6J6dDDklcM?authuser=0&hl=en&rclk=1,http://onerooftech.com/contact-us/,[]
Innovia Software,"B/202, Pallavi Bldg, 3, Veera Desai Rd, Opposite CCD, Azad Nagar, Andheri West, Mumbai, Maharashtra 400058 ",09867000586,https://www.google.com/maps/place/Innovia+Software/data=!4m7!3m6!1s0x3be7b0c542c00071:0x7003f2c0ccd68104!8m2!3d19.1300405!4d72.837882!16s%2Fg%2F1tj44cfr!19sChIJcQDAQsWw5zsRBIHWzMDyA3A?authuser=0&hl=en&rclk=1,https://innovatechno.com/,"['info@itppl.net', 'contact@innovatechno.com', 'manojr@itppl.net', 'p***@innovatechno.com', 'accounts@itppl.net', 'Email ID: *****@innoviasoftware.com']"
Mobicule Technologies Pvt. Ltd.,"5th Floor, A Wing, Gundecha Enclave, 5A, Khairani Rd, Ansa Industrial Estate, Chandivali, Andheri East, Mumbai, Maharashtra 400072 ",02242482000,https://www.google.com/maps/place/Mobicule+Technologies+Pvt.+Ltd./data=!4m7!3m6!1s0x115aedf095509a4f:0x5fb4ebafced88e98!8m2!3d19.106731!4d72.888765!16s%2Fg%2F11b6hlj1wy!19sChIJT5pQlfDtWhERmI7Yzq_rtF8?authuser=0&hl=en&rclk=1,https://www.mobicule.com/Pages/ContactUs.html,"['siddharth.agarwal@mobicule.com', 'info@mobicule.com', ""first '.' last@mobicule.com"", 'accounts@mobicule.com', 'manoj.bohra@mobicule.com']"
Neebal Technologies,"SOUTH-WING, B1-007, Chandivali Farm Rd, Yadav Nagar, Chandivali, Powai, Mumbai, Maharashtra 400072 ",02228574118,https://www.google.com/maps/place/Neebal+Technologies/data=!4m7!3m6!1s0x3be7c80c0b5ae587:0xb8ff7b0fe9db9b8c!8m2!3d19.1138179!4d72.8926358!16s%2Fg%2F1tj7cj4h!19sChIJh-VaCwzI5zsRjJvb6Q97_7g?authuser=0&hl=en&rclk=1,https://www.neebal.com/,"[""first '.' last@neebal.com"", 'marketing@neebal.com', 'directors@neebal.com', 'name@neebal.com', 'ac.neebal@gmail.com']"
Saba Software India Pvt. Ltd,"A-Wing, Kanakia Wallstreet, 811/12 8th Floor, Andheri - Kurla Rd, Andheri East, Mumbai, Maharashtra 400093 ",Not present on google business profiles,https://www.google.com/maps/place/Saba+Software+India+Pvt.+Ltd/data=!4m7!3m6!1s0x3be7c83ebf4cae07:0xac7ccb966361f06a!8m2!3d19.114985!4d72.8613439!16s%2Fg%2F11cmyyb16z!19sChIJB65Mvz7I5zsRavBhY5bLfKw?authuser=0&hl=en&rclk=1,http://www.saba.com/,"['mshetye@saba.com', 'Adamle@saba.com', 'rpujari@saba.com', 'name@saba.com', 'name@halogensoftware.com', 'info@saba-adhesives.com']"
Netlynx Solutions Private Limited - Website Design and Mobile App Development Company Mumbai India,"101, 102 & 103, Tirupati Udyog Premises, I. B. Patel Road, near HP Petrol Pump, Goregaon, Mumbai, Maharashtra 400063 ",02240811111,https://www.google.com/maps/place/Netlynx+Solutions+Private+Limited+-+Website+Design+and+Mobile+App+Development+Company+Mumbai+India/data=!4m7!3m6!1s0x3be7b7b21951a7d7:0x1e8c9811e1012052!8m2!3d19.161934!4d72.857184!16s%2Fg%2F1wt3lw5g!19sChIJ16dRGbK35zsRUiAB4RGYjB4?authuser=0&hl=en&rclk=1,https://www.worldindia.com/,"['sales@worldindia.com', 'hr@worldindia.com', 'info@worldindia.com', 'info@ worldindia.com']"
Innowrap Technologies,"Unit 508, 5th Floor, Fly Edge, Building, Swami Vivekananda Rd, above Tirumala Showroom, Meghdoot, Hari Om Nagar, Borivali West, Mumbai, Maharashtra 400092 ",09769294578,https://www.google.com/maps/place/Innowrap+Technologies/data=!4m7!3m6!1s0x3be7b6f1306f4f99:0x50eb371e14adfa2d!8m2!3d19.2211631!4d72.853327!16s%2Fg%2F11ckqs7f6m!19sChIJmU9vMPG25zsRLfqtFB4361A?authuser=0&hl=en&rclk=1,https://www.innowrap.com/,"['sales@innowrap.com', 'name@innowrap.com']"
SOLIDWORKS Reseller in Mumbai - BEACON,"801, 8th Floor, Lodha Supremus III, I-Think Techno Campus, Nehru Nagar, Kanjurmarg East, Mumbai, Maharashtra 400042 ",09768973797,https://www.google.com/maps/place/SOLIDWORKS+Reseller+in+Mumbai+-+BEACON/data=!4m7!3m6!1s0x3be7c1574ae122c7:0x424d6b3fa94ef6c3!8m2!3d19.1290869!4d72.9306488!16s%2Fg%2F1ptvyw8bk!19sChIJxyLhSlfB5zsRw_ZOqT9rTUI?authuser=0&hl=en&rclk=1,https://www.beacon-india.com/contact-us?utm_source=google%20maps&utm_medium=appointment&utm_campaign=mumbai,"['jayakumar.b@beacon-india.com', 'varsha@beacon-india.com', 'info@beacon-india.com']"
Infoz Software Solution,"First Floor, Powai Plaza, 158, Central Ave, opp. Hiranandani Gardens, Hiranandani Gardens, Sainath Nagar, Powai, Mumbai, Maharashtra 400076 ",08080722622,https://www.google.com/maps/place/Infoz+Software+Solution/data=!4m7!3m6!1s0x3be7c7ef69c63daf:0x8474cdc2f383e58!8m2!3d19.1233931!4d72.913112!16s%2Fg%2F11h1rkv2x!19sChIJrz3Gae_H5zsRWD44L9xMRwg?authuser=0&hl=en&rclk=1,https://theinfoz.com/,"['info@theinfoz.com', 'info@Theinfoz.com', 'first@theinfoz.com', 'info@Theinfoz']"
T3 Softwares- CRM Software Mumbai | ERP Software Mumbai,"2nd floor, 202, Bhairaav Milestones IT Park, Rd Number 16, Neheru Nagar, Wagle Industrial Estate, Thane West, Thane, Maharashtra 400604 ",08828244863,https://www.google.com/maps/place/T3+Softwares-+CRM+Software+Mumbai+%7C+ERP+Software+Mumbai/data=!4m7!3m6!1s0x3be7b93d1babef89:0x6263b8607ebf6b9e!8m2!3d19.1956439!4d72.954441!16s%2Fg%2F1tf6knvq!19sChIJie-rGz255zsRnmu_fmC4Y2I?authuser=0&hl=en&rclk=1,http://www.t3softwares.com/,['sales@t-3soft.com']
Synergy Technology Services,"3rd floor, Citi Point, A wing-303/304, next to Metro Station Chakala (J B Nagar), J B Nagar, Andheri East, Mumbai, Maharashtra 400059 ",02240751999,https://www.google.com/maps/place/Synergy+Technology+Services/data=!4m7!3m6!1s0x3be7c810fbe3ffff:0x127d0a9da4d9caf6!8m2!3d19.1120612!4d72.8677019!16s%2Fg%2F11b5s2c1lc!19sChIJ___j-xDI5zsR9srZpJ0KfRI?authuser=0&hl=en&rclk=1,https://www.stspl.com/,"['stsplindia.info@gmail.com', 'info@stspl.co', 'nikita.sanil@stspl.com']"
Virtual Splat Software Pvt. Ltd.,"Shiv Dham Apartments, C-4, Kandivali, Satya Nagar, Borivali West, Mumbai, Maharashtra 400092 ",09967648641,https://www.google.com/maps/place/Virtual+Splat+Software+Pvt.+Ltd./data=!4m7!3m6!1s0x3be7b6d292beba35:0xe2c7a95fbd3d5747!8m2!3d19.217447!4d72.8414288!16s%2Fg%2F1tfjz9ym!19sChIJNbq-ktK25zsRR1c9vV-px-I?authuser=0&hl=en&rclk=1,https://virtualsplat.com/,['sales@virtualsplat.com']
Code B,"Bunglow No. 23, MHADA Colony, Mulund East, Mumbai, Maharashtra 400081 ",09137595718,https://www.google.com/maps/place/Code+B/data=!4m7!3m6!1s0x3be7b9140fd5193f:0xb43ab846151fc837!8m2!3d19.1654919!4d72.9653531!16s%2Fg%2F11g2yywpnj!19sChIJPxnVDxS55zsRN8gfFUa4OrQ?authuser=0&hl=en&rclk=1,https://code-b.dev/,"['manager@code-b.dev', 'info@code-b.dev']"
Stymeta Technologies,"Mansarovar Building, 705, Mahatma Gandhi Rd, Kandivali, Vora Colony, Parekh Nagar, Kandivali West, Mumbai, Maharashtra 400067 ",08850053030,https://www.google.com/maps/place/Stymeta+Technologies/data=!4m7!3m6!1s0x3be7b6da55ee4db5:0x26669e3d868eafa3!8m2!3d19.2045497!4d72.8488478!16s%2Fg%2F11csqcdtxp!19sChIJtU3uVdq25zsRo6-Ohj2eZiY?authuser=0&hl=en&rclk=1,https://www.stymeta.com/,['info@stymeta.com']
Dezigndia Technologies,"Bhoomi Breeze, Raheja Estate, Kulupwadi, Borivali East, Mumbai, Maharashtra 400066 ",09123074815,https://www.google.com/maps/place/Dezigndia+Technologies/data=!4m7!3m6!1s0x3be7b1ba2d83856d:0x44b5081b391858c0!8m2!3d19.2273302!4d72.8669635!16s%2Fg%2F11fs1hvzjf!19sChIJbYWDLbqx5zsRwFgYORsItUQ?authuser=0&hl=en&rclk=1,https://calendly.com/dezigndia/30min,"['connect@dezigndia.com', 'contact.london@example.com']"
Cirrius Technologies Private Limited,"Mangalya Complex, Sangeet Plaza, Gamdevi, Marol, Andheri East, Mumbai, Maharashtra 400059 ",07718856050,https://www.google.com/maps/place/Cirrius+Technologies+Private+Limited/data=!4m7!3m6!1s0x3be7c824a4c0632d:0x458c2cdf4415b391!8m2!3d19.1102553!4d72.8793783!16s%2Fg%2F11h0cq4b2!19sChIJLWPApCTI5zsRkbMVRN8sjEU?authuser=0&hl=en&rclk=1,https://www.cirrius.com/,"['info@cirrius.com', 'manisha.b@cirrius.com', ""first '.' last@cirriussolutions.com""]"
Binmile | Software Engineering Company,"Plot No. D5, Road No. 20, Shree Krishna Nagar, Marol MIDC Industry Estate, Andheri East, Mumbai, Maharashtra 400069 ",07669413735,https://www.google.com/maps/place/Binmile+%7C+Software+Engineering+Company/data=!4m7!3m6!1s0x3be7b7d8d3583f93:0x5f14e37b4d9d48b9!8m2!3d19.1194995!4d72.8748191!16s%2Fg%2F11sy_gbhxs!19sChIJkz9Y09i35zsRuUidTXvjFF8?authuser=0&hl=en&rclk=1,https://binmile.com/,"['business@binmile.com', 'Avanish.kamboj@gmail.com', 'avanish@binmile.com', 'legal@binmile.com', 'nxxxxxx@binmile.com']"
"Intelliswift Software, Inc","4th Floor 21, The Great Oasis, The Great Oasis, Plot No. D-13, D13, 21st Rd, Marol MIDC Industry Estate, Andheri East, Mumbai, Maharashtra 400093 ",02267606666,"https://www.google.com/maps/place/Intelliswift+Software,+Inc/data=!4m7!3m6!1s0x3be7c817f836a521:0x7106fe17dd251b00!8m2!3d19.1192792!4d72.8758279!16s%2Fg%2F11b6gpz_x6!19sChIJIaU2-BfI5zsRABsl3Rf-BnE?authuser=0&hl=en&rclk=1",https://www.intelliswift.com/,"[""first '.' last@intelliswift.com"", 'darshan@intelliswift.com', 'marketing@intelliswift.com']"
Winklix : Custom Software Development Mumbai | Mobile Application Development Company In Mumbai,"5th floor, Technopolis Knowledge Park, Hanuman Nagar, Andheri East, Mumbai, Maharashtra 400093 ",Not present on google business profiles,https://www.google.com/maps/place/Winklix+:+Custom+Software+Development+Mumbai+%7C+Mobile+Application+Development+Company+In+Mumbai/data=!4m7!3m6!1s0x3be7c9d5eaf71225:0x1f633bacdfbaf739!8m2!3d19.1162456!4d72.8635481!16s%2Fg%2F11sgw6nmxl!19sChIJJRL36tXJ5zsROfe636w7Yx8?authuser=0&hl=en&rclk=1,https://www.winklix.com/contact,['info@winklix.com']
Finacus Solutions Private Limited,"Senior Estate, 7 C, Parsi Panchayat Rd, near Sona Udyog, Sahyadri Colony, Natwar Nagar, Andheri East, Mumbai, Maharashtra 400069 ",02266894444,https://www.google.com/maps/place/Finacus+Solutions+Private+Limited/data=!4m7!3m6!1s0x3be7c82afd73f9a3:0x267677395c2f784e!8m2!3d19.1261047!4d72.8539251!16s%2Fg%2F12605d5mr!19sChIJo_lz_SrI5zsRTngvXDl3diY?authuser=0&hl=en&rclk=1,https://www.finacus.co.in/,"['info@finacus.co.in', 'ramalingam.p@finacus.co.in', 'hrd@finacus.co.in']"
Hamiters - Website & Application Design & Development Company Jogeshwari Mumbai,"Agrawal Nagar, 2/3, Caves Rd, Jogeshwari (E, Pratap Nagar, Jogeshwari East, Mumbai, Maharashtra 400060 ",09867602207,https://www.google.com/maps/place/Hamiters+-+Website+%26+Application+Design+%26+Development+Company+Jogeshwari+Mumbai/data=!4m7!3m6!1s0x3be7b7babdaf06c1:0x339a3f404719212f!8m2!3d19.1396867!4d72.8573058!16s%2Fg%2F11h6dp1f5l!19sChIJwQavvbq35zsRLyEZR0A_mjM?authuser=0&hl=en&rclk=1,https://hamiters.com/,"['HamiterServices@gmail.com', 'name@hamiters.com', 'hamiterservices@gmail.com']"
"Accounting, Inventory, Billing, Distributor, Pharma Software, Thane| Mumbai | Navi Mumbai| Marg ERP | Business Solutions","Siddhivinayak Society, Talao Rd, Bhayandar, Hari Chandra Nagar, Bhayandar East, Mira Bhayandar, Maharashtra 401105 ",09594223311,"https://www.google.com/maps/place/Accounting,+Inventory,+Billing,+Distributor,+Pharma+Software,+Thane%7C+Mumbai+%7C+Navi+Mumbai%7C+Marg+ERP+%7C+Business+Solutions/data=!4m7!3m6!1s0x3be7b1628592b8ab:0x95c190f0d9b726e8!8m2!3d19.3086073!4d72.8573212!16s%2Fg%2F11t10q_yjp!19sChIJq7iShWKx5zsR6Ca32fCQwZU?authuser=0&hl=en&rclk=1",Not present on google business profiles,[]
"Mak Infotech, Web Development & Custom Software - IT Company in BKC Mumbai, India","Office No 1008, 10th Floor, Pinnacle Corporate Park Building, near Trade Centre Bkc, Kolivery Village, MMRDA Area, Kalina, Santacruz East, Mumbai, Maharashtra 400051 ",09029075525,"https://www.google.com/maps/place/Mak+Infotech,+Web+Development+%26+Custom+Software+-+IT+Company+in+BKC+Mumbai,+India/data=!4m7!3m6!1s0x3be7c98de18720d5:0xad55f721d5e866e2!8m2!3d19.0724314!4d72.8702865!16s%2Fg%2F11sx_zzpm_!19sChIJ1SCH4Y3J5zsR4mbo1SH3Va0?authuser=0&hl=en&rclk=1",https://makinfotech.in/,['info@makinfotech.com']
Appvent - Software | Website | App Development Company in Mumbai | India,"403, Sunshine Commercial, Lake Rd, Tulshet Pada, Bhandup West, Mumbai, Maharashtra 400078 ",07738595160,https://www.google.com/maps/place/Appvent+-+Software+%7C+Website+%7C+App+Development+Company+in+Mumbai+%7C+India/data=!4m7!3m6!1s0x6b0a05465983f9:0xb2704471e755c3dd!8m2!3d19.1591166!4d72.9324467!16s%2Fg%2F11srjhr6dg!19sChIJ-YNZRgUKawAR3cNV53FEcLI?authuser=0&hl=en&rclk=1,https://booking.appointy.com/appvent,"['hello@appvent', 'careers@appventurez.com']"
Zoof Software Solutions,Website: zoof.co.in ,Not present on google business profiles,https://www.google.com/maps/place/Zoof+Software+Solutions/data=!4m7!3m6!1s0x3be7bf4bb8390327:0xe29b2c0ad4a2e2a!8m2!3d19.3359418!4d79.0300569!16s%2Fg%2F11bv3mt62x!19sChIJJwM5uEu_5zsRKi5KrcCyKQ4?authuser=0&hl=en&rclk=1,https://zoof.co.in/,"['smiteshmore123@gmail.com', 'woof@zoofpets.com', 'info@zoof.co.in', 'careers@zoof.co.in', 'aneeshapillai13@gmail.com']"
"KiloBytes Technologies - Best WordPress Development Company in Mumbai, SEO Agency, HTML Development","1st Floor, Panchsheel, 264/7, Sulochana Shetty Marg, opp. Sion Hospital, Sion West, Sion, Mumbai, Maharashtra 400022 ",07303333758,"https://www.google.com/maps/place/KiloBytes+Technologies+-+Best+WordPress+Development+Company+in+Mumbai,+SEO+Agency,+HTML+Development/data=!4m7!3m6!1s0x3be7cf2cf238e965:0x295422759349a96e!8m2!3d19.0350356!4d72.8592557!16s%2Fg%2F11gzkqmq_!19sChIJZek48izP5zsRbqlJk3UiVCk?authuser=0&hl=en&rclk=1",https://kilobytes.in/,[]
Trigun Infotech - Software Development Company in India | Ship Management Software,"13th Floor, Bay View Towers, Plot no.7B, Sector 11, CBD Belapur, Navi Mumbai, Maharashtra 400614 ",02245251000,https://www.google.com/maps/place/Trigun+Infotech+-+Software+Development+Company+in+India+%7C+Ship+Management+Software/data=!4m7!3m6!1s0x3be7c3ab7e4fa09d:0x23835fbd308e4441!8m2!3d19.0178754!4d73.0449441!16s%2Fg%2F11bwqlfykd!19sChIJnaBPfqvD5zsRQUSOML1fgyM?authuser=0&hl=en&rclk=1,https://www.triguninfotech.com/contact-us,"['info@triguninfotech.com', 'management@tangarinfotech.com', 'shikhasrivas@gmail.com']"
Hexaroute Technologies: Digital Marketing & Software Development Company,"2, New Link Rd, Azad Nagar, Colony No 2, Laxmi Nagar, Goregaon West, Mumbai, Maharashtra 400104 ",09594092200,https://www.google.com/maps/place/Hexaroute+Technologies:+Digital+Marketing+%26+Software+Development+Company/data=!4m7!3m6!1s0x3be7b644bd7e7f59:0xdb14b59279cfd777!8m2!3d19.1597345!4d72.834728!16s%2Fg%2F11f2wkgkgx!19sChIJWX9-vUS25zsRd9fPeZK1FNs?authuser=0&hl=en&rclk=1,https://hexaroute.com/,"['info@hexaroute.com', 'xxxx@hexaroute.com']"
Softcore Solutions Pvt.Ltd- SAP Business One Partner in Mumbai,"Lodha Supremus, A 333, Road No. 22, Wagle Industrial Estate, Thane West, Mumbai, Thane, Maharashtra 400604 ",09667945946,https://www.google.com/maps/place/Softcore+Solutions+Pvt.Ltd-+SAP+Business+One+Partner+in+Mumbai/data=!4m7!3m6!1s0x3be7b909b4dc427d:0xec99c3082cdab19d!8m2!3d19.1981738!4d72.9480428!16s%2Fg%2F11hb47kryk!19sChIJfULctAm55zsRnbHaLAjDmew?authuser=0&hl=en&rclk=1,http://sapbusinessone.softcoresolutions.com/lpage/sap-business-one/,"['sales@softcoresolutions.com', 'name@softcoresolutions.com']"
Fleek IT Solutions - Software Testing Company,"G Block BKC, Bandra Kurla Complex, Bandra East, Mumbai, Maharashtra 400098 ",01204120006,https://www.google.com/maps/place/Fleek+IT+Solutions+-+Software+Testing+Company/data=!4m7!3m6!1s0x2bfc58c42bd64881:0xb70936c6495e8445!8m2!3d19.0636376!4d72.8662312!16s%2Fg%2F11svhd28bn!19sChIJgUjWK8RY_CsRRYReScY2Cbc?authuser=0&hl=en&rclk=1,http://www.fleekitsolutions.com/,"['Email address: kumar.rashi@fleekitsolutions.com', 'info@fleekitsolutions.com', 'sanjeet.kaur@fleekitsolutions.com']"
Web,"Vitthal Mandir, 1st Floor, Samruddhi Space, Shivam Apartment, Anand Bharti Rd, opp. to Anand Bharati Samaj Hall, Chendani, Koliwada, Thane East, Mumbai, Maharashtra 400603 ",09773336075,https://www.google.com/maps/place/Web/data=!4m7!3m6!1s0x3be7c893f4023ddb:0x5e2ee785585e556e!8m2!3d19.1853804!4d72.9786915!16s%2Fg%2F11f0_cjzkk!19sChIJ2z0C9JPI5zsRblVeWIXnLl4?authuser=0&hl=en&rclk=1,https://webiknows.com/,"['ajit@webiknows.com', 'sales@webiknows.com', 'swapnil.wadile.pro@gmail.com', 'info@webiknow.com']"
Amplitude Software Systems Pvt Ltd Navi Mumbai,"Office No. 318, Building No. 02, A-3, Millenium Business Park, Sector 1, Mahape, Navi Mumbai, Maharashtra 400710 ",Not present on google business profiles,https://www.google.com/maps/place/Amplitude+Software+Systems+Pvt+Ltd+Navi+Mumbai/data=!4m7!3m6!1s0x3be7c1c86bf0d6af:0x1253b0fb5578f28c!8m2!3d19.110602!4d73.01714!16s%2Fg%2F11kbpqc84z!19sChIJr9bwa8jB5zsRjPJ4VfuwUxI?authuser=0&hl=en&rclk=1,https://www.jupiterbs.com/,"['sales@jupiterbs.com', 'support@jupiterbs.com', 'Email@JUPITERBS.COM', 'shivam@jupiterbs.com']"
Rock Solid Solutions,"Kshitij, Veera Desai Road, 404, Metro St, next to Azad Nagar, opp. Sports Complex, Azad Nagar, Andheri West, Mumbai, Maharashtra 400053 ",02226763044,https://www.google.com/maps/place/Rock+Solid+Solutions/data=!4m7!3m6!1s0x3be7c9d515dc9d89:0x5751ae5d88f54abe!8m2!3d19.1274073!4d72.8377272!16s%2Fg%2F1hm2lkzt5!19sChIJiZ3cFdXJ5zsRvkr1iF2uUVc?authuser=0&hl=en&rclk=1,http://www.rocksolid.in/,"['contact@rocksolid.in', 'mark@rocksolidsol.com', 'support@rocksolid.com', 'first@rsbsolutions.net']"
Symantec Software,"The Capital The Wadhwa Group, FORTUNE-2000, Bandra Kurla Complex Rd, G Block BKC, Bandra Kurla Complex, Bandra East, Mumbai, Maharashtra 400051 ",09570030364,https://www.google.com/maps/place/Symantec+Software/data=!4m7!3m6!1s0x3be7c8e7737cb263:0x6b179c63fc365514!8m2!3d19.0616655!4d72.8597797!16s%2Fg%2F12336y3gv!19sChIJY7J8c-fI5zsRFFU2_GOcF2s?authuser=0&hl=en&rclk=1,Not present on google business profiles,"['enterprise_support@symantec.com', 'dl-legal-india@symantec.com', 'name@symantec.com', ""Symantec's email format typically follows the pattern of First_Last@symantec.com""]"
Insenc IT Solutions Pvt. Ltd,"Kalash Society, A/23, Plot no 3, MHADA Colony, Mulund East, Mumbai, Maharashtra 400081 ",09004006502,https://www.google.com/maps/place/Insenc+IT+Solutions+Pvt.+Ltd/data=!4m7!3m6!1s0x3be7b8ea30000001:0x7b64cc89ae510105!8m2!3d19.1676457!4d72.9674379!16s%2Fg%2F11v4591h38!19sChIJAQAAMOq45zsRBQFRronMZHs?authuser=0&hl=en&rclk=1,https://insenc.com/,"['info@insenc.com', 'info@incensemedia.in', 'customercare@rajuphaar.srmd.org', 'Sales.baco@gmail.com']"
TechMR,"surve compound, 6, Shyam Narayan Dubey Rd, Ekta Nagar, Dahisar(E, Mumbai, Maharashtra 400068 ",08080688889,https://www.google.com/maps/place/TechMR/data=!4m7!3m6!1s0x3be7b0ee590a141b:0xf52e7e0207a306ee!8m2!3d19.2431998!4d72.8716178!16s%2Fg%2F11c2pctp4v!19sChIJGxQKWe6w5zsR7gajBwJ-LvU?authuser=0&hl=en&rclk=1,https://techmr.in/,"['support@techmr.in', 'techmr05@gmail.com', 'hello@calicreatives.com']"
LEXERON PVT LTD,"A-11/39, near Bharati Vidyapeeth School, Sector 2, CBD Belapur, Navi Mumbai, Maharashtra 400614 ",02246041017,https://www.google.com/maps/place/LEXERON+PVT+LTD/data=!4m7!3m6!1s0x3be7c3a975be2fbd:0x28ba339e807809fc!8m2!3d19.028464!4d73.041827!16s%2Fg%2F11mb0tj19s!19sChIJvS--danD5zsR_Al4gJ4zuig?authuser=0&hl=en&rclk=1,https://www.lexeron.co.in/contact.html,"['info@lexeron.co.in', 'sales@lexeron.co.in', 'pravin_mali89@rediffmail.com']"
Smile Automation Pvt. Ltd.,"406-407, Crescent Business Square Kherani Road, Sakinaka, Andheri East, Mumbai, Maharashtra 400072 ",02262518404,https://www.google.com/maps/place/Smile+Automation+Pvt.+Ltd./data=!4m7!3m6!1s0x3be7c9b0e9d0a44d:0x5aaa4c8200717f5b!8m2!3d19.106103!4d72.889531!16s%2Fg%2F11ks08h6n4!19sChIJTaTQ6bDJ5zsRW39xAIJMqlo?authuser=0&hl=en&rclk=1,https://sapl.net/,"['sales@sapl.net', 'Email: *****@sapl.net', 'Email ID: *****@sapl.net', 'sanjeevk@sapl.net']"
Worldwide Software,"73A, 3rd Maker Maxity, Bandra Kurla Complex Rd, Bandra Kurla Complex, Mumbai, 400051 ",02226591200,https://www.google.com/maps/place/Worldwide+Software/data=!4m7!3m6!1s0x3be7c920baf53f49:0x551d6ad079d87d0f!8m2!3d19.0545046!4d72.8506103!16s%2Fg%2F11ddwhy7qh!19sChIJST_1uiDJ5zsRD33YedBqHVU?authuser=0&hl=en&rclk=1,Not present on google business profiles,"['ajay@wwse.com', 'ajay@kewaltech.com', 'name@wwse.com', 'participate@worldwide.com', 'ibmidsupportuk@ibm.com']"
ScatterPie Analytics-Data Analytics Company,"805, Jay Antariksh, Gamdevi, Marol Naka, Andheri East, Mumbai, Maharashtra 400059 ",Not present on google business profiles,https://www.google.com/maps/place/ScatterPie+Analytics-Data+Analytics+Company/data=!4m7!3m6!1s0x3be7c9b94ceedd85:0x75b96c419116fb8e!8m2!3d19.1094893!4d72.8819933!16s%2Fg%2F11kj0c00vb!19sChIJhd3uTLnJ5zsRjvsWkUFsuXU?authuser=0&hl=en&rclk=1,https://www.scatterpie.io/,"['ashksc@gmail.com', 'name@scatterpie.io', 'aishwarya.bakshi@scatterpie.io']"
Qleverlabs Technologies PVT LTD,"1st Floor & 2nd Floor, Kagalwala House Plot No. 175, Behind Metro House CST Road Kalina, Bandra Kurla Complex, Santacruz East, Mumbai, Maharashtra 400098 ",07977188472,https://www.google.com/maps/place/Qleverlabs+Technologies+PVT+LTD/data=!4m7!3m6!1s0x3be7c3b0c002a3af:0xc2acba1dc9b58511!8m2!3d19.0749443!4d72.8725745!16s%2Fg%2F11g70hh0fn!19sChIJr6MCwLDD5zsREYW1yR26rMI?authuser=0&hl=en&rclk=1,http://www.qleverlabs.com/,"['ritesh.mirani@qleverlabs.com', 'Idritesh.mirani@qleverlabs.com', ""first '.' last@qleverlabs.com"", 'info@qleverlabs.com']"
Notion Technologies – Website Design | App Development | SEO Company in Navi Mumbai,"109, Bldg No. 2, Sector 3, Millenium Business Park, Sector 2, Mahape, Navi Mumbai, Maharashtra 400710 ",09833046475,https://www.google.com/maps/place/Notion+Technologies+%E2%80%93+Website+Design+%7C+App+Development+%7C+SEO+Company+in+Navi+Mumbai/data=!4m7!3m6!1s0x3be7c144b4261ce3:0xd120fc08b2b220d5!8m2!3d19.1067574!4d73.0198424!16s%2Fg%2F11hbnvzf1j!19sChIJ4xwmtETB5zsR1SCysgj8INE?authuser=0&hl=en&rclk=1,https://www.notiontechnologies.com/,"['sales@notiontechnologies.com', 'Business Email: sales@notiontechnologies.com', 'name@undefined']"
TECHBHARTI,"Technocity X 5-3, near Hotel Sarovar Portico, Reliance Corporate Park, MIDC Industrial Area, Mahape, Navi Mumbai, Maharashtra 400701 ",09769678610,https://www.google.com/maps/place/TECHBHARTI/data=!4m7!3m6!1s0x3be7c1b6ac1ec027:0x7e4d8463772902cf!8m2!3d19.1264806!4d73.0109486!16s%2Fg%2F11smglpd68!19sChIJJ8AerLbB5zsRzwIpd2OETX4?authuser=0&hl=en&rclk=1,http://www.techbharti.co.in/,"['Email: info@techbharti.co.in', 'info@techbharti.co', 'helpdesk@techbharti.co.in', 'info@techbpl.com']"
Gemini Software Solutions Pvt Ltd.,"Technocity It Park A Wing Technology, Shil Phata - Mahape Rd, Reliance Corporate Park, MIDC Industrial Area, Ghansoli, Navi Mumbai, Maharashtra 400701 ",Not present on google business profiles,https://www.google.com/maps/place/Gemini+Software+Solutions+Pvt+Ltd./data=!4m7!3m6!1s0x3be7c0c233356de3:0xaadbf2b5d375557e!8m2!3d19.1142356!4d73.0140292!16s%2Fg%2F1th80dmh!19sChIJ4201M8LA5zsRflV107Xy26o?authuser=0&hl=en&rclk=1,https://www.geminisoftware.com/,"['trivandrum@geminisoftware.com', 'contact@geminisoftware.com', ""first '.' last@geminisoftware.com""]"
Softtrench,"Chawl no 2,room no 14 ram bacchan chawl, near Madina hotel, Vinobha Bhave Nagar, Kurla West, Mumbai, Maharashtra 400070 ",09411979245,https://www.google.com/maps/place/Softtrench/data=!4m7!3m6!1s0x3be7c9b9da7d560d:0xb4ed0abbdabf7ae2!8m2!3d19.0708562!4d72.8822713!16s%2Fg%2F11gmwq2rvd!19sChIJDVZ92rnJ5zsR4nq_2rsK7bQ?authuser=0&hl=en&rclk=1,https://www.softtrench.com/,"['softtrench@gmail.com', 'kol@softweb.co.in']"
"Toutle Technologies | Web Design, Digital Marketing, App & Software Development in Mumbai","Corporate Arena, 401, Sitaram Patkar Rd, Piramal Nagar, Goregaon West, Mumbai, Maharashtra 400104 ",08652868816,"https://www.google.com/maps/place/Toutle+Technologies+%7C+Web+Design,+Digital+Marketing,+App+%26+Software+Development+in+Mumbai/data=!4m7!3m6!1s0x3be7b7cb98732b49:0x80fa4dcb48524db1!8m2!3d19.1680337!4d72.8486499!16s%2Fg%2F11hy6dnfzh!19sChIJSStzmMu35zsRsU1SSMtN-oA?authuser=0&hl=en&rclk=1",https://toutle.tech/,"['info@toutle.in', 'kevindsouza2306@gmail.com']"
PARASCADD Private Limited,"Helix 3, 402, Lal Bahadur Shastri Marg, CGS Colony, Ghatkopar West, Mumbai, Maharashtra 400086 ",08879231111,https://www.google.com/maps/place/PARASCADD+Private+Limited/data=!4m7!3m6!1s0x3be7c7cfaaaaaaab:0xa3dc5a4ea5b329a7!8m2!3d19.089529!4d72.9084396!16s%2Fg%2F1tl1lx_n!19sChIJq6qqqs_H5zsRpymzpU5a3KM?authuser=0&hl=en&rclk=1,https://www.parascadd.com/,"['deepa@parascadd.com', 'info@parascadd.com', 'sales@parascadd.com', 'hr@parascadd.com', 'first@parascadd.com', 'axxxxxx@parascadd.com']"
Kothari Tech - Digital Marketing & SEO Company,"office No 309/310, 157/5, 3rd Floor, Shree Ganesh Darshan Building Dr Vigas Street, 5th Cavel Cross Lane, Kalbadevi Rd, Marine Lines, Mumbai, Maharashtra 400002 ",08369559482,https://www.google.com/maps/place/Kothari+Tech+-+Digital+Marketing+%26+SEO+Company/data=!4m7!3m6!1s0x3be7ce2221b8192d:0xc38e30c10fd33756!8m2!3d18.9490307!4d72.8277382!16s%2Fg%2F11sm6_tbdz!19sChIJLRm4ISLO5zsRVjfTD8EwjsM?authuser=0&hl=en&rclk=1,https://kotharitech.com/?gmb,[]
Carapace - #1 Web Designing Company in Mumbai,"Plot no 12, Sai Nagar, Kandivali West, Mumbai, Maharashtra 400067 ",09819399669,https://www.google.com/maps/place/Carapace+-+%231+Web+Designing+Company+in+Mumbai/data=!4m7!3m6!1s0x3be7b6de30d812a3:0x8891a7cf808c1cdf!8m2!3d19.2084628!4d72.8480872!16s%2Fg%2F11bw6b7wh0!19sChIJoxLYMN625zsR3xyMgM-nkYg?authuser=0&hl=en&rclk=1,https://www.carapacetechnologies.com/,['info@carapacetechnologies.com']
Webspectrum IT Solution,"B-207, Great Eastern Summit, Sector 15, CBD Belapur, Navi Mumbai, Maharashtra 400614 ",Not present on google business profiles,https://www.google.com/maps/place/Webspectrum+IT+Solution/data=!4m7!3m6!1s0x3be7c3aa27f5b99d:0x7aa4eca29c4f338c!8m2!3d19.0090735!4d73.0369968!16s%2Fg%2F11g8771h84!19sChIJnbn1J6rD5zsRjDNPnKLspHo?authuser=0&hl=en&rclk=1,Not present on google business profiles,"['sergey.hayrapetyan@gmail.com', 'abc1224@gmail.com', 'xxxx@webspectrum.in', 'careers@webspectrum.in']"
GreyBath Technology PVT LTD (LAKSN Technologies) Web Design App Development SEO Company Mumbai,"F 114B Dreams The Mall, near Bhandup, railway Station, Mumbai, Maharashtra 400078 ",08108325237,https://www.google.com/maps/place/GreyBath+Technology+PVT+LTD+%28LAKSN+Technologies%29+Web+Design+App+Development+SEO+Company+Mumbai/data=!4m7!3m6!1s0x3be79384eee74a13:0x8aab46bea82859b9!8m2!3d19.1457687!4d72.9368761!16s%2Fg%2F11c2p5l2zx!19sChIJE0rn7oST5zsRuVkoqL5Gq4o?authuser=0&hl=en&rclk=1,http://www.laksn.com/contact-us/,"['contact@greybath.com', 'bhupendra@laksn.com']"
Cloudesign,"Andheri (E, Crystal Palace, NA, Chandivali Farm Rd, near Ram Baugh, Ashok Nagar Society, Udyan Complex, Marol, Andheri East, Mumbai, Maharashtra 400072 ",Not present on google business profiles,https://www.google.com/maps/place/Cloudesign/data=!4m7!3m6!1s0x3be7c7c1dcb507f7:0xda3a320eeb882f42!8m2!3d19.1174113!4d72.8879045!16s%2Fg%2F11pts63gxg!19sChIJ9we13MHH5zsRQi-I6w4yOto?authuser=0&hl=en&rclk=1,http://www.cloudesign.com/,"['accounts@cloudesign.in', 'sales@cloudesign.com', 'name@cloudesign.com']"
MWD Best Web Design Company In Mumbai | Wordpress Website Designers in Mumbai,"E1, Sarova Chawl Rd, Phase 1, Samata Nagar, Singh Agri Estate, Kandivali East, Mumbai, Maharashtra 400101 ",09967857485,https://www.google.com/maps/place/MWD+Best+Web+Design+Company+In+Mumbai+%7C+Wordpress+Website+Designers+in+Mumbai/data=!4m7!3m6!1s0x3be7b7e29548f1bb:0x5bc45bbd0715511f!8m2!3d19.2047998!4d72.871462!16s%2Fg%2F11swtg9zql!19sChIJu_FIleK35zsRH1EVB71bxFs?authuser=0&hl=en&rclk=1,http://www.mumbaiwebdesign.in/our-work/,"['sales@mumbaiwebdesign.in', 'info@webtechneeq.com']"
Cubo Square,Phone: 086520 83868 ,08652083868,https://www.google.com/maps/place/Cubo+Square/data=!4m7!3m6!1s0x3be7c96100ee8f29:0x85b0f6a7fa0dffd5!8m2!3d19.897083!4d80.4572801!16s%2Fg%2F11g310xm9y!19sChIJKY_uAGHJ5zsR1f8N-qf2sIU?authuser=0&hl=en&rclk=1,Not present on google business profiles,"['info@cubosquare.com', 'Email: info@cubensquare.com', 'scube@linkedin.com', 'info@cubesquare.com', 'Email: care@hugaplant.com']"
LBS Tech - Lifeline Bridge Solutions Pvt Ltd || Software Company in Malad - Mumbai,"Shop No.3, Welfare Society, Malad, Maheshwar Nagar, Appa Pada, Malad East, Mumbai, Maharashtra 400097 ",Not present on google business profiles,https://www.google.com/maps/place/LBS+Tech+-+Lifeline+Bridge+Solutions+Pvt+Ltd+%7C%7C+Software+Company+in+Malad+-+Mumbai/data=!4m7!3m6!1s0x46554b1a9b593aaf:0x9e59500e580859ab!8m2!3d19.1882285!4d72.8729002!16s%2Fg%2F11lzs5tzbd!19sChIJrzpZmxpLVUYRq1kIWA5QWZ4?authuser=0&hl=en&rclk=1,https://www.lbstech.in/#contact,[]
F.T. Solutions Pvt. Ltd. | SAP Silver Partner India,"Balaji Infotech Park, 301, Rd Number 16A, Ambica Nagar, Wagle Industrial Estate, Thane West, Thane, Maharashtra 400604 ",09152360678,https://www.google.com/maps/place/F.T.+Solutions+Pvt.+Ltd.+%7C+SAP+Silver+Partner+India/data=!4m7!3m6!1s0x3be7b6cf1f133e5f:0x49849ad9cbbd773c!8m2!3d19.2015456!4d72.9544077!16s%2Fg%2F11cs9ymmy_!19sChIJXz4TH8-25zsRPHe9y9mahEk?authuser=0&hl=en&rclk=1,https://www.fts-pl.com/,"['sales@fts-pl.com', 'hr@fts-pl.com', 'sales@fts-pl', 'firstName_lastName (ex. jane_doe@fts-pl.com']"
